"","exposure","outcome_PC1","term","estimate","std.error","statistic","conf.low","conf.high","p.value"
"1","social_relationships_ordinal","IL_10","social_relationships_ordinal.L",-0.645783027406517,0.259273615623812,-2.49073946785046,-1.159991092959,-0.131574961854036,0.014345647931586
"2","social_relationships_ordinal","IL_10","social_relationships_ordinal.Q",-0.179767769729258,0.221457779951817,-0.811747366781924,-0.618977044288825,0.25944150483031,0.418808607167877
"3","social_relationships_ordinal","IL_10","social_relationships_ordinal.C",0.0385041620712216,0.175682352112357,0.219169208564537,-0.309920347742682,0.386928671885125,0.826951966150677
"4","social_relationships_ordinal","IFN_gamma","social_relationships_ordinal.L",-0.603396403737621,0.272869180189377,-2.21130287897978,-1.14456806502094,-0.0622247424543017,0.0292253181638409
"5","social_relationships_ordinal","IFN_gamma","social_relationships_ordinal.Q",-0.121939174992002,0.233070390585712,-0.523186041288065,-0.58417932384899,0.340300973864986,0.601968529176726
"6","social_relationships_ordinal","IFN_gamma","social_relationships_ordinal.C",0.0390771922031,0.184894630636831,0.211348442453449,-0.327617699300059,0.405772083706259,0.833032993873131
"7","social_relationships_ordinal","IL_12p70","social_relationships_ordinal.L",-0.640909135820264,0.258721327031098,-2.47721802904647,-1.15402186720925,-0.12779640443128,0.0148681127289546
"8","social_relationships_ordinal","IL_12p70","social_relationships_ordinal.Q",-0.2417497535751,0.220986044309372,-1.09395936893037,-0.680023451749197,0.196523944598996,0.276524572182503
"9","social_relationships_ordinal","IL_12p70","social_relationships_ordinal.C",-0.0904388024895346,0.175308124450282,-0.515884832908492,-0.438121119999261,0.257243515020192,0.607040498536821
"10","social_relationships_ordinal","IFN_alpha2","social_relationships_ordinal.L",-0.689932368216128,0.230527766198447,-2.99283847492023,-1.14712982129223,-0.232734915140029,0.00345993405463936
"11","social_relationships_ordinal","IFN_alpha2","social_relationships_ordinal.Q",-0.137910601149218,0.196904599014937,-0.700392991525587,-0.528424432316537,0.252603230018101,0.485260996531679
"12","social_relationships_ordinal","IFN_alpha2","social_relationships_ordinal.C",-0.0622504442059082,0.15620432528589,-0.39851933736134,-0.372044881803944,0.247543993392128,0.691072331849346
"13","social_relationships_ordinal","CX3CL1","social_relationships_ordinal.L",-0.130036667201729,0.29918894917736,-0.434630582310187,-0.723407382617634,0.463334048214176,0.664739809193473
"14","social_relationships_ordinal","CX3CL1","social_relationships_ordinal.Q",-0.161709652506259,0.255551342204717,-0.632787333892054,-0.668535466649605,0.345116161637088,0.528274889347847
"15","social_relationships_ordinal","CX3CL1","social_relationships_ordinal.C",0.244066890981538,0.202728758925348,1.20390857358039,-0.157997787709526,0.646131569672603,0.231384389070537
"16","social_relationships_ordinal","IFN_lambda1","social_relationships_ordinal.L",-0.726379976205298,0.264337199332196,-2.74792945540913,-1.25063046577068,-0.202129486639919,0.00708193668947132
"17","social_relationships_ordinal","IFN_lambda1","social_relationships_ordinal.Q",0.100890950065802,0.22578282476581,0.446849534150571,-0.346896030797897,0.548677930929501,0.655921870372326
"18","social_relationships_ordinal","IFN_lambda1","social_relationships_ordinal.C",-0.0871232183011447,0.179113408118062,-0.486413715291028,-0.442352418469872,0.268105981867582,0.627707225769228
"19","social_relationships_ordinal","IFN_lambda2_3","social_relationships_ordinal.L",-0.421976639634185,0.265806110469426,-1.58753551183964,-0.949140367989891,0.105187088721521,0.115456613353321
"20","social_relationships_ordinal","IFN_lambda2_3","social_relationships_ordinal.Q",-0.0771132964500261,0.227037490801206,-0.33965005593524,-0.527388611475391,0.373162018575338,0.734811679611771
"21","social_relationships_ordinal","IFN_lambda2_3","social_relationships_ordinal.C",0.116514172134606,0.180108734090632,0.646910171918563,-0.240689022347882,0.473717366617093,0.519129142678547
"22","social_relationships_ordinal","sTREM_1","social_relationships_ordinal.L",-0.188139724150913,0.302293474650581,-0.622374414030546,-0.787667533624395,0.411388085322568,0.535071095360053
"23","social_relationships_ordinal","sTREM_1","social_relationships_ordinal.Q",-0.225017257841982,0.25820306331197,-0.871474005597326,-0.737102135379283,0.287067619695318,0.385522178965658
"24","social_relationships_ordinal","sTREM_1","social_relationships_ordinal.C",0.276181250519338,0.20483236802578,1.34832816307908,-0.130055440675233,0.682417941713909,0.180510395624867
"25","social_relationships_ordinal","sRAGE","social_relationships_ordinal.L",-0.0613216800101857,0.306165411886055,-0.20028937832144,-0.668528563773596,0.545885203753225,0.841649201209915
"26","social_relationships_ordinal","sRAGE","social_relationships_ordinal.Q",-0.277628426968764,0.261510266870719,-1.06163490363464,-0.7962723627436,0.241015508806072,0.290884389557426
"27","social_relationships_ordinal","sRAGE","social_relationships_ordinal.C",0.416585308208856,0.207455971045019,2.00806612656358,0.00514531921610994,0.828025297201603,0.0472543861873633
"28","social_relationships_ordinal","GM_CSF","social_relationships_ordinal.L",-0.488299477672442,0.230151306877654,-2.12164547009076,-0.944750312475646,-0.0318486428692386,0.0362663980928554
"29","social_relationships_ordinal","GM_CSF","social_relationships_ordinal.Q",-0.249881769690321,0.196583047416929,-1.27112573018746,-0.639757879102617,0.139994339721975,0.20654709146199
"30","social_relationships_ordinal","GM_CSF","social_relationships_ordinal.C",-0.10396058345901,0.155949238555247,-0.666630914149545,-0.413249116690353,0.205327949772334,0.506498441863213
"31","social_relationships_nominal","IL_10","social_relationships_nominalVery good",-0.0745960103468904,0.266126495860562,-0.280302831575159,-0.602395147561344,0.453203126867563,0.779807379446089
"32","social_relationships_nominal","IL_10","social_relationships_nominalGood",-0.415057714230958,0.267441889834916,-1.55195476104047,-0.945465625150999,0.115350196689082,0.123740388691065
"33","social_relationships_nominal","IL_10","social_relationships_nominalFair",-0.849189264036363,0.378860456165613,-2.24143018944461,-1.60056962262214,-0.0978089054505865,0.0271434065109541
"34","social_relationships_nominal","IFN_gamma","social_relationships_nominalVery good",-0.112956196980861,0.280081405805311,-0.403297736442306,-0.668431606732279,0.442519212770557,0.687565175834246
"35","social_relationships_nominal","IFN_gamma","social_relationships_nominalGood",-0.43523082708968,0.281465775265907,-1.54630106157136,-0.993451807155417,0.122990152976058,0.125098973782274
"36","social_relationships_nominal","IFN_gamma","social_relationships_nominalFair",-0.792065374054544,0.398726811562965,-1.98648636380818,-1.58284596298721,-0.00128478512187302,0.049635795793707
"37","social_relationships_nominal","IL_12p70","social_relationships_nominalVery good",-0.125764449511962,0.265559609686938,-0.473582747241656,-0.652439301704099,0.400910402680176,0.636799728188248
"38","social_relationships_nominal","IL_12p70","social_relationships_nominalGood",-0.291051342428747,0.266872201690542,-1.09060194574421,-0.82032941127835,0.238226726420856,0.277992845342386
"39","social_relationships_nominal","IL_12p70","social_relationships_nominalFair",-0.900315299090908,0.378053431094176,-2.38144988258719,-1.65009511378857,-0.150535484393247,0.0190811896141052
"40","social_relationships_nominal","IFN_alpha2","social_relationships_nominalVery good",-0.226315023842105,0.236620862748987,-0.956445772417732,-0.695596696837532,0.242966649153322,0.341086590776615
"41","social_relationships_nominal","IFN_alpha2","social_relationships_nominalGood",-0.451344423959459,0.237790418061621,-1.89807658205343,-0.922945634071762,0.0202567861528453,0.0604855414946622
"42","social_relationships_nominal","IFN_alpha2","social_relationships_nominalFair",-0.953480650099997,0.336855929017878,-2.8305295171141,-1.62155493607551,-0.285406364124486,0.00558846076613339
"43","social_relationships_nominal","CX3CL1","social_relationships_nominalVery good",0.321855550736844,0.307096834566849,1.04805883522314,-0.287198590233013,0.930909691706701,0.297064593503447
"44","social_relationships_nominal","CX3CL1","social_relationships_nominalGood",-0.0637487103243223,0.308614734257468,-0.206564053001885,-0.675813247325947,0.548315826677302,0.83675811869794
"45","social_relationships_nominal","CX3CL1","social_relationships_nominalFair",-0.0653124645999986,0.43718625781618,-0.149392766657958,-0.932368294314513,0.801743365114515,0.881535845078045
"46","social_relationships_nominal","IFN_lambda1","social_relationships_nominalVery good",-0.503663326339712,0.271323915526913,-1.85631747707015,-1.04177031962378,0.0344436669443554,0.0662666304587528
"47","social_relationships_nominal","IFN_lambda1","social_relationships_nominalGood",-0.711622264073708,0.27266499899336,-2.6098775666144,-1.25238898011193,-0.170855548035486,0.0104066274959091
"48","social_relationships_nominal","IFN_lambda1","social_relationships_nominalFair",-1.01350369028181,0.38625955703045,-2.62389285089435,-1.77955842031638,-0.247448960247246,0.010014134160605
"49","social_relationships_nominal","IFN_lambda2_3","social_relationships_nominalVery good",-0.00738695008373177,0.272831651563767,-0.0270751213849002,-0.548484182189476,0.533710282022012,0.978452206526013
"50","social_relationships_nominal","IFN_lambda2_3","social_relationships_nominalGood",-0.352420805852579,0.274180187376856,-1.2853620432033,-0.896192540684366,0.191350928979208,0.201548421235794
"51","social_relationships_nominal","IFN_lambda2_3","social_relationships_nominalFair",-0.514034348836363,0.388405985783636,-1.32344600148029,-1.28434601405644,0.256277316383712,0.188617243542161
"52","social_relationships_nominal","sTREM_1","social_relationships_nominalVery good",0.387902635456939,0.310283415983976,1.25015587515954,-0.227471338181908,1.00327660909579,0.214075494873917
"53","social_relationships_nominal","sTREM_1","social_relationships_nominalGood",-0.0667720372002446,0.31181706611681,-0.214138494828988,-0.685187644158169,0.551643569757679,0.830862408308714
"54","social_relationships_nominal","sTREM_1","social_relationships_nominalFair",-0.128903917427272,0.441722708369132,-0.291820898009055,-1.00495672686799,0.747148892013449,0.771010503452856
"55","social_relationships_nominal","sRAGE","social_relationships_nominalVery good",0.622809765002394,0.314257692680776,1.98184413463204,-0.000446249110624852,1.24606577911541,0.050161222521059
"56","social_relationships_nominal","sRAGE","social_relationships_nominalGood",0.0364780354533174,0.31581098662849,0.115505910173508,-0.589858570852497,0.662814641759132,0.908269024715432
"57","social_relationships_nominal","sRAGE","social_relationships_nominalFair",0.104030946518182,0.447380530140726,0.232533468735125,-0.78324281797966,0.991304711016025,0.816585121260736
"58","social_relationships_nominal","GM_CSF","social_relationships_nominalVery good",-0.061477568038277,0.23623445320386,-0.260239635686098,-0.529992888837655,0.407037752761101,0.795198459764939
"59","social_relationships_nominal","GM_CSF","social_relationships_nominalGood",-0.14037397417199,0.237402098594726,-0.591292052609968,-0.611205044208883,0.330457095864904,0.555620201634275
"60","social_relationships_nominal","GM_CSF","social_relationships_nominalFair",-0.701615081590908,0.336305832357791,-2.08624119502177,-1.36859838058431,-0.0346317825975082,0.0394267891393268
"61","social_relationships_d","IL_10","social_relationships_dLow",-0.66164510094639,0.331835187357112,-1.99389674800927,-1.31961297882071,-0.00367722307206797,0.0487562093446021
"62","social_relationships_d","IFN_gamma","social_relationships_dLow",-0.581798610264947,0.348768587661507,-1.66815083366855,-1.27334229290011,0.109745072370217,0.0982653787751069
"63","social_relationships_d","IL_12p70","social_relationships_dLow",-0.74002716763402,0.328073070792526,-2.25567787641435,-1.39053546332228,-0.0895188719457555,0.0261641713630168
"64","social_relationships_d","IFN_alpha2","social_relationships_dLow",-0.692658850177319,0.295712827041674,-2.34233616818964,-1.27900276029266,-0.106314940061975,0.0210493326781827
"65","social_relationships_d","CX3CL1","social_relationships_dLow",-0.167083687754638,0.381348787619153,-0.438138767393964,-0.923227888489119,0.589060512979842,0.662185747958161
"66","social_relationships_d","IFN_lambda1","social_relationships_dLow",-0.544748740058763,0.344110176918975,-1.58306489199542,-1.22705565472202,0.137558174604497,0.116414179293893
"67","social_relationships_d","IFN_lambda2_3","social_relationships_dLow",-0.376711937292783,0.339318644585116,-1.11020111421637,-1.04951812845958,0.296094253874019,0.269448387793974
"68","social_relationships_d","sTREM_1","social_relationships_dLow",-0.25539602846804,0.386916999877263,-0.660079625731246,-1.02258096551563,0.511788908579553,0.510648119433663
"69","social_relationships_d","sRAGE","social_relationships_dLow",-0.153870686284536,0.397059468675559,-0.387525543208403,-0.941166265379381,0.633424892810309,0.699151610266716
"70","social_relationships_d","GM_CSF","social_relationships_dLow",-0.62398637406701,0.290589963179079,-2.14730876194259,-1.20017259147003,-0.0478001566639915,0.0340696953756616
"71","social_relationships2_d","IL_10","social_relationships2_dLow",-0.460181989196809,0.193115447895148,-2.38293722336839,-0.843094248889081,-0.0772697295045364,0.0189729027012488
"72","social_relationships2_d","IFN_gamma","social_relationships2_dLow",-0.439614146370213,0.202753137289743,-2.16822364500326,-0.84163616379818,-0.0375921289422459,0.0323997047633491
"73","social_relationships2_d","IL_12p70","social_relationships2_dLow",-0.34103115348156,0.194187329961618,-1.75619672791715,-0.726068757306934,0.0440064503438139,0.0819705201867479
"74","social_relationships2_d","IFN_alpha2","social_relationships2_dLow",-0.414849070449645,0.173238659205766,-2.39466798202879,-0.758349329934613,-0.0713488109646777,0.018407801961031
"75","social_relationships2_d","CX3CL1","social_relationships2_dLow",-0.2679232728,0.222329787744046,-1.20507141898792,-0.708762171758506,0.172915626158505,0.230884694372921
"76","social_relationships2_d","IFN_lambda1","social_relationships2_dLow",-0.456865581407801,0.199285147032001,-2.29252198777483,-0.852011214783345,-0.0617199480322578,0.023869471609343
"77","social_relationships2_d","IFN_lambda2_3","social_relationships2_dLow",-0.382128264342198,0.196667528958354,-1.94301655370429,-0.772083644620352,0.0078271159359552,0.0546917753582308
"78","social_relationships2_d","sTREM_1","social_relationships2_dLow",-0.325663255307447,0.225161738739656,-1.44635255141637,-0.772117389954687,0.120790879339793,0.15105689072025
"79","social_relationships2_d","sRAGE","social_relationships2_dLow",-0.343595189247163,0.230613248601913,-1.48991955722492,-0.800858660914531,0.113668282420205,0.139243185848687
"80","social_relationships2_d","GM_CSF","social_relationships2_dLow",-0.220851182659575,0.172791251356148,-1.27813868425762,-0.563464315026704,0.121761949707555,0.204018813793797
"81","social_activities_ordinal","IL_10","social_activities_ordinal.L",-0.64429449038921,0.308734664537752,-2.08688742922298,-1.25659688081559,-0.0319920999628247,0.0393670421442795
"82","social_activities_ordinal","IL_10","social_activities_ordinal.Q",-0.373794731611118,0.25926220219561,-1.44176331314618,-0.887980161320677,0.14039069809844,0.15240278821178
"83","social_activities_ordinal","IL_10","social_activities_ordinal.C",0.0378771453843202,0.197779386912277,0.191512098281103,-0.354371621254075,0.430125912022715,0.848501428289545
"84","social_activities_ordinal","IFN_gamma","social_activities_ordinal.L",-0.559143304234969,0.327134290753882,-1.7092164289669,-1.20793701361304,0.0896504051431002,0.0904222635073733
"85","social_activities_ordinal","IFN_gamma","social_activities_ordinal.Q",-0.227687103484519,0.274713423455497,-0.828816810698744,-0.772516386311773,0.317142179342736,0.40912461008311
"86","social_activities_ordinal","IFN_gamma","social_activities_ordinal.C",-0.0462767990269777,0.209566423518256,-0.220821629009412,-0.461902372739144,0.369348774685188,0.825668461498214
"87","social_activities_ordinal","IL_12p70","social_activities_ordinal.L",-0.471468525505621,0.312184225881801,-1.51022532984779,-1.09061230726085,0.147675256249613,0.13404770915339
"88","social_activities_ordinal","IL_12p70","social_activities_ordinal.Q",-0.19663254507004,0.262158996671235,-0.750050723289236,-0.716563083397884,0.323297993257804,0.454934036478985
"89","social_activities_ordinal","IL_12p70","social_activities_ordinal.C",-0.0952947422131174,0.199989220164282,-0.476499393991521,-0.491926191906143,0.301336707479909,0.634727938195282
"90","social_activities_ordinal","IFN_alpha2","social_activities_ordinal.L",-0.621202421829569,0.277772747352256,-2.2363692181861,-1.17209915204851,-0.0703056916106242,0.0274837930592527
"91","social_activities_ordinal","IFN_alpha2","social_activities_ordinal.Q",-0.133495162337578,0.233261704824417,-0.572297807898057,-0.596114737864573,0.329124413189418,0.568367279006769
"92","social_activities_ordinal","IFN_alpha2","social_activities_ordinal.C",-0.0698116008162484,0.177944785547559,-0.392321700247799,-0.422723113742124,0.283099912109628,0.695631181855474
"93","social_activities_ordinal","CX3CL1","social_activities_ordinal.L",-0.0370301052796816,0.357647352356377,-0.103538038337784,-0.746339275681243,0.67227906512188,0.917737291371791
"94","social_activities_ordinal","CX3CL1","social_activities_ordinal.Q",0.134191131799072,0.300336991054029,0.446801878543598,-0.46145645390753,0.729838717505674,0.655956168252922
"95","social_activities_ordinal","CX3CL1","social_activities_ordinal.C",-0.0611875984498234,0.229113482238059,-0.267062408777179,-0.515580152856756,0.393204955957109,0.789955091166434
"96","social_activities_ordinal","IFN_lambda1","social_activities_ordinal.L",-0.643583471706432,0.318342844935595,-2.0216677771936,-1.27494142181237,-0.01222552160049,0.0458040379477233
"97","social_activities_ordinal","IFN_lambda1","social_activities_ordinal.Q",-0.0471022165567691,0.267330742256594,-0.176194537744404,-0.577289692469946,0.483085259356408,0.860487072104282
"98","social_activities_ordinal","IFN_lambda1","social_activities_ordinal.C",-0.236283754006819,0.203934510540111,-1.15862564595385,-0.640739756642947,0.168172248629308,0.249288074031204
"99","social_activities_ordinal","IFN_lambda2_3","social_activities_ordinal.L",-0.478437383270009,0.317091516886981,-1.50883059870862,-1.10731361932378,0.150438852783767,0.134403513229891
"100","social_activities_ordinal","IFN_lambda2_3","social_activities_ordinal.Q",-0.188984753472358,0.26627993033679,-0.709722107983619,-0.717088191782088,0.339118684837372,0.479480107474565
"101","social_activities_ordinal","IFN_lambda2_3","social_activities_ordinal.C",-0.0574476949310479,0.203132893738669,-0.282808430844068,-0.460313879707027,0.345418489844932,0.777891258164179
"102","social_activities_ordinal","sTREM_1","social_activities_ordinal.L",-0.222130225967518,0.362187073498123,-0.613302467760959,-0.940442862536774,0.496182410601737,0.541028335159184
"103","social_activities_ordinal","sTREM_1","social_activities_ordinal.Q",0.124686115716069,0.304149255226973,0.409950422607549,-0.478522196835137,0.727894428267274,0.682693717300882
"104","social_activities_ordinal","sTREM_1","social_activities_ordinal.C",-0.0632522493969299,0.232021685842314,-0.272613523892406,-0.523412539737882,0.396908040944023,0.785696099663825
"105","social_activities_ordinal","sRAGE","social_activities_ordinal.L",-0.247561889553183,0.371991237778361,-0.66550462594682,-0.985318773608904,0.490194994502539,0.507215364847943
"106","social_activities_ordinal","sRAGE","social_activities_ordinal.Q",0.0289022216366386,0.312382374192696,0.0925219347324952,-0.590634540558941,0.648438983832218,0.926463083480861
"107","social_activities_ordinal","sRAGE","social_activities_ordinal.C",0.0341034733840478,0.238302359259522,0.143110095468705,-0.438513051350285,0.50671999811838,0.886482826931423
"108","social_activities_ordinal","GM_CSF","social_activities_ordinal.L",-0.661658610415692,0.269801187031872,-2.45239325184114,-1.19674563087332,-0.126571589958063,0.0158717860383948
"109","social_activities_ordinal","GM_CSF","social_activities_ordinal.Q",-0.131335324725767,0.226567528494421,-0.579674084801611,-0.580678580358691,0.318007930907158,0.563400220596749
"110","social_activities_ordinal","GM_CSF","social_activities_ordinal.C",0.00750387354311728,0.172838101737822,0.0434156211371722,-0.335279736484211,0.350287483570446,0.965454280464267
"111","social_activities_nominal","IL_10","social_activities_nominalVery good",0.11953582475254,0.239176496590191,0.499780816496173,-0.354814345207317,0.593885994712396,0.618295424883482
"112","social_activities_nominal","IL_10","social_activities_nominalGood",-0.219418953979023,0.289369109346676,-0.758266680484371,-0.793314333151314,0.354476425193269,0.450022878132144
"113","social_activities_nominal","IL_10","social_activities_nominalFair",-0.847472592448715,0.452420476961904,-1.87319680607665,-1.74474190276856,0.0497967178711344,0.0638765110740678
"114","social_activities_nominal","IFN_gamma","social_activities_nominalVery good",-0.0637606113642963,0.253430672238176,-0.251589954764329,-0.566380576800105,0.438859354071512,0.801859311682367
"115","social_activities_nominal","IFN_gamma","social_activities_nominalGood",-0.251730257807694,0.306614608676804,-0.820998904435887,-0.859828017460144,0.356367501844755,0.413543053992907
"116","social_activities_nominal","IFN_gamma","social_activities_nominalFair",-0.770865076141023,0.479383330909923,-1.60803479478069,-1.72160884793674,0.179878695654696,0.110888682882071
"117","social_activities_nominal","IL_12p70","social_activities_nominalVery good",-0.0994487979811323,0.241848868992162,-0.411202245416972,-0.579098988307301,0.380201392345036,0.681778554246731
"118","social_activities_nominal","IL_12p70","social_activities_nominalGood",-0.182444619545456,0.292602295018452,-0.623524226062379,-0.762752259933977,0.397863020843065,0.534318455658704
"119","social_activities_nominal","IL_12p70","social_activities_nominalFair",-0.675158507666665,0.457475471971682,-1.4758354251361,-1.58245320834142,0.232136193008087,0.143038666334286
"120","social_activities_nominal","IFN_alpha2","social_activities_nominalVery good",-0.206756400279391,0.215190324220366,-0.960807141438486,-0.633535654607817,0.220022854049036,0.338899260957558
"121","social_activities_nominal","IFN_alpha2","social_activities_nominalGood",-0.390904477853149,0.2603492958021,-1.50146162926551,-0.907245901334473,0.125436945628175,0.136295692140588
"122","social_activities_nominal","IFN_alpha2","social_activities_nominalFair",-0.86465120280769,0.407048813363033,-2.1241953653272,-1.67193651952318,-0.0573658860922046,0.0360474820307962
"123","social_activities_nominal","CX3CL1","social_activities_nominalVery good",-0.205479350128448,0.277069116548446,-0.74161766092223,-0.754980594603039,0.344021894346144,0.460006675348284
"124","social_activities_nominal","CX3CL1","social_activities_nominalGood",-0.139947938944058,0.33521372135686,-0.417488694608276,-0.804765293347198,0.524869415459083,0.677189957805831
"125","social_activities_nominal","CX3CL1","social_activities_nominalFair",-0.0770450254743588,0.524097240520423,-0.147005211089938,-1.11646829097322,0.962378240024506,0.883415267354697
"126","social_activities_nominal","IFN_lambda1","social_activities_nominalVery good",-0.452055676204645,0.246619946225506,-1.83300533117176,-0.941168172939648,0.0370568205303587,0.0696901521817433
"127","social_activities_nominal","IFN_lambda1","social_activities_nominalGood",-0.422867033027975,0.298374611233963,-1.41723530456951,-1.01462270119901,0.168888635143064,0.15943196795831
"128","social_activities_nominal","IFN_lambda1","social_activities_nominalFair",-0.969127142346151,0.466500326287655,-2.07744151018785,-1.89432051299758,-0.0439337716947263,0.040248160444847
"129","social_activities_nominal","IFN_lambda2_3","social_activities_nominalVery good",-0.0763617293280115,0.24565054339152,-0.310855120748932,-0.563551644180529,0.410828185524506,0.756538972332109
"130","social_activities_nominal","IFN_lambda2_3","social_activities_nominalGood",-0.21325126111189,0.297201773439833,-0.717530244330998,-0.802680882138195,0.376178359914416,0.474671166951803
"131","social_activities_nominal","IFN_lambda2_3","social_activities_nominalFair",-0.667582497384614,0.464666627329887,-1.43669129246648,-1.58913915864079,0.253974163871561,0.153836340393533
"132","social_activities_nominal","sTREM_1","social_activities_nominalVery good",-0.280600304492743,0.280586034869895,-1.00005085649703,-0.837076526974361,0.275875917988874,0.319629535026994
"133","social_activities_nominal","sTREM_1","social_activities_nominalGood",-0.295078163888114,0.339468685940885,-0.869235296534828,-0.968334236988033,0.378177909211805,0.386739490085823
"134","social_activities_nominal","sTREM_1","social_activities_nominalFair",-0.326306236948717,0.530749758167891,-0.614802422284848,-1.37892320217028,0.726310728272844,0.540041050401998
"135","social_activities_nominal","sRAGE","social_activities_nominalVery good",-0.109112190470247,0.288181313061455,-0.378623406601589,-0.680651855858765,0.462427474918271,0.705746837644944
"136","social_activities_nominal","sRAGE","social_activities_nominalGood",-0.265579844059442,0.348657878511499,-0.761720472783417,-0.957060513304077,0.425900825185193,0.447967479647435
"137","social_activities_nominal","sRAGE","social_activities_nominalFair",-0.316887591256409,0.545116802718976,-0.581320534747438,-1.3979982008025,0.764223018289683,0.562294434855951
"138","social_activities_nominal","GM_CSF","social_activities_nominalVery good",-0.157855732896952,0.209014762844252,-0.755237241374087,-0.572387217774285,0.256675751980381,0.45183019412389
"139","social_activities_nominal","GM_CSF","social_activities_nominalGood",-0.463825961856645,0.252877756078932,-1.83419043670994,-0.96534934849876,0.037697424785469,0.0695126254528413
"140","social_activities_nominal","GM_CSF","social_activities_nominalFair",-0.884352344205126,0.395367270807135,-2.23678693079409,-1.66847007641385,-0.100234611996398,0.0274555581174802
"141","social_activities_d","IL_10","social_activities_dLow",-0.862405084768978,0.419340392485905,-2.05657527922967,-1.69387961990924,-0.0309305496287162,0.0422064749763322
"142","social_activities_d","IFN_gamma","social_activities_dLow",-0.682574204120463,0.442070565370682,-1.54403902360727,-1.55911847323266,0.193970064991738,0.125587516220547
"143","social_activities_d","IL_12p70","social_activities_dLow",-0.58323209258746,0.421178071844775,-1.38476367022832,-1.41835040642883,0.251886221253908,0.169060187219446
"144","social_activities_d","IFN_alpha2","social_activities_dLow",-0.671007759960397,0.378149740088196,-1.77444987745833,-1.4208088403889,0.078793320468105,0.0788870283110789
"145","social_activities_d","CX3CL1","social_activities_dLow",0.0612644815907595,0.482875613971976,0.126874250465494,-0.896188661136036,1.01871762431755,0.899282574033271
"146","social_activities_d","IFN_lambda1","social_activities_dLow",-0.639800156549506,0.436076063990244,-1.46717559018286,-1.50445843676579,0.224858123666775,0.145317213208193
"147","social_activities_d","IFN_lambda2_3","social_activities_dLow",-0.581060721158417,0.428069207533335,-1.35739901616999,-1.42984288409686,0.267721441780022,0.177564880002995
"148","social_activities_d","sTREM_1","social_activities_dLow",-0.114786081070958,0.490403203235964,-0.234064704947955,-1.08716504276524,0.857592880623328,0.815390520709317
"149","social_activities_d","sRAGE","social_activities_dLow",-0.201781624283829,0.502321786577935,-0.401697934820755,-1.19779293507057,0.794229686502917,0.6887227815737
"150","social_activities_d","GM_CSF","social_activities_dLow",-0.700485760003301,0.369359136532706,-1.89648959703282,-1.4328566974361,0.031885177429499,0.0606437382990234
"151","social_activities2_d","IL_10","social_activities2_dLow",-0.434196796911844,0.21981798472414,-1.9752560167301,-0.870055254477715,0.00166166065402795,0.0508638506875837
"152","social_activities2_d","IFN_gamma","social_activities2_dLow",-0.32019732680651,0.23190134510555,-1.38074803602701,-0.780014855895411,0.139620202282392,0.170288441502836
"153","social_activities2_d","IL_12p70","social_activities2_dLow",-0.221307353164557,0.221402680511156,-0.999569439058374,-0.660307969741242,0.217693263412129,0.319816918037549
"154","social_activities2_d","IFN_alpha2","social_activities2_dLow",-0.353711643139692,0.197885775334133,-1.78745360823659,-0.746082580938987,0.0386592946596023,0.0767492105458595
"155","social_activities2_d","CX3CL1","social_activities2_dLow",0.0113844916957507,0.252759865764096,0.0450407411846626,-0.489791630743684,0.512560614135186,0.964160383494188
"156","social_activities2_d","IFN_lambda1","social_activities2_dLow",-0.236644912019439,0.229415804885428,-1.03151093769508,-0.69153407399625,0.218244249957372,0.304671411597413
"157","social_activities2_d","IFN_lambda2_3","social_activities2_dLow",-0.259377933657323,0.224591978336761,-1.15488511913103,-0.704702338675299,0.185946471360653,0.250758993555715
"158","social_activities2_d","sTREM_1","social_activities2_dLow",-0.113519056638336,0.256510805704314,-0.442550778033079,-0.622132600082324,0.395094486805651,0.659001001306842
"159","social_activities2_d","sRAGE","social_activities2_dLow",-0.20337251201311,0.262373652177351,-0.775125514034621,-0.723610996991751,0.316865972965531,0.440007649875947
"160","social_activities2_d","GM_CSF","social_activities2_dLow",-0.448035544864827,0.191686800884045,-2.33733122363419,-0.828115061442622,-0.0679560282870334,0.021318724655812
"161","isolation_cat_ordinal","IL_10","isolation_cat_ordinal.L",-0.292637089144435,0.225304914593959,-1.29884911597166,-0.73947624789988,0.15420206961101,0.196895926549616
"162","isolation_cat_ordinal","IL_10","isolation_cat_ordinal.Q",0.0978352015640674,0.20995188825277,0.46598867187267,-0.318554850535134,0.514225253663269,0.642207550906703
"163","isolation_cat_ordinal","IL_10","isolation_cat_ordinal.C",-0.207088728351808,0.193383779623876,-1.07086917400512,-0.590619844660612,0.176442387956996,0.286731175118461
"164","isolation_cat_ordinal","IFN_gamma","isolation_cat_ordinal.L",-0.343125962434486,0.234723127028889,-1.46183278476968,-0.808643924219986,0.122391999351014,0.146831364050598
"165","isolation_cat_ordinal","IFN_gamma","isolation_cat_ordinal.Q",0.15845298373133,0.21872831236337,0.724428319403362,-0.275343035625751,0.59224900308841,0.470445174929766
"166","isolation_cat_ordinal","IFN_gamma","isolation_cat_ordinal.C",-0.191291934456355,0.201467622451936,-0.949492191987283,-0.590855446398037,0.208271577485326,0.3445929001838
"167","isolation_cat_ordinal","IL_12p70","isolation_cat_ordinal.L",-0.188909135602438,0.225070746128929,-0.83933224931073,-0.635283876437353,0.257465605232476,0.403226758088857
"168","isolation_cat_ordinal","IL_12p70","isolation_cat_ordinal.Q",0.0857813696222223,0.209733676805892,0.40900141040112,-0.330175911538407,0.501738650782851,0.683387821961665
"169","isolation_cat_ordinal","IL_12p70","isolation_cat_ordinal.C",-0.200364733619423,0.193182788079071,-1.03717694320372,-0.583497230604014,0.182767763365169,0.30208220970797
"170","isolation_cat_ordinal","IFN_alpha2","isolation_cat_ordinal.L",-0.322227378605958,0.202595147927066,-1.59049899221654,-0.724027071394782,0.0795723141828659,0.114787113699825
"171","isolation_cat_ordinal","IFN_alpha2","isolation_cat_ordinal.Q",0.0666041263733731,0.18878964062898,0.352795450806897,-0.30781559879075,0.441023851537496,0.724962729840968
"172","isolation_cat_ordinal","IFN_alpha2","isolation_cat_ordinal.C",-0.0553006396700921,0.173891526113406,-0.318018024834787,-0.400173468490747,0.289572189150563,0.751115133315742
"173","isolation_cat_ordinal","CX3CL1","isolation_cat_ordinal.L",-0.346128595100283,0.253048163821643,-1.3678368175959,-0.847989945308506,0.155732755107941,0.174340113274583
"174","isolation_cat_ordinal","CX3CL1","isolation_cat_ordinal.Q",0.291031627577957,0.235804620192136,1.23420663827885,-0.176631220821029,0.758694475976942,0.219934491023363
"175","isolation_cat_ordinal","CX3CL1","isolation_cat_ordinal.C",-0.125371876853115,0.217196373345435,-0.577228224035399,-0.556129656483946,0.305385902777716,0.56504486645231
"176","isolation_cat_ordinal","IFN_lambda1","isolation_cat_ordinal.L",-0.471594152369361,0.227985208370034,-2.06852960216583,-0.923749041668355,-0.0194392630703665,0.0410949706778509
"177","isolation_cat_ordinal","IFN_lambda1","isolation_cat_ordinal.Q",0.232825868989286,0.212449537895137,1.09591139287018,-0.188517682091828,0.6541694200704,0.275673380439941
"178","isolation_cat_ordinal","IFN_lambda1","isolation_cat_ordinal.C",-0.179271690223997,0.195684330154937,-0.916126958566666,-0.567365405914294,0.2088220254663,0.361740275095259
"179","isolation_cat_ordinal","IFN_lambda2_3","isolation_cat_ordinal.L",-0.441080751235923,0.224448261055062,-1.96517785062151,-0.886220939743179,0.00405943727133401,0.0520867237434463
"180","isolation_cat_ordinal","IFN_lambda2_3","isolation_cat_ordinal.Q",0.276451560782421,0.20915360993561,1.32176327660579,-0.138355294552807,0.691258416117649,0.189175173565277
"181","isolation_cat_ordinal","IFN_lambda2_3","isolation_cat_ordinal.C",0.050893375966521,0.192648496509973,0.264177384659144,-0.331179479706223,0.432966231639266,0.792171098704522
"182","isolation_cat_ordinal","sTREM_1","isolation_cat_ordinal.L",-0.405709816736575,0.255895262057912,-1.58545263196298,-0.91321771479344,0.10179808132029,0.115929032174915
"183","isolation_cat_ordinal","sTREM_1","isolation_cat_ordinal.Q",0.333516475006965,0.238457707683916,1.39863994435882,-0.139408146687416,0.806441096701346,0.164924829209922
"184","isolation_cat_ordinal","sTREM_1","isolation_cat_ordinal.C",-0.0886630279117379,0.219640095529137,-0.403674145643304,-0.524267354129292,0.346941298305816,0.687289194706163
"185","isolation_cat_ordinal","sRAGE","isolation_cat_ordinal.L",-0.373865801981245,0.264935016613644,-1.4111603923103,-0.899301921126046,0.151570317163556,0.161210772957428
"186","isolation_cat_ordinal","sRAGE","isolation_cat_ordinal.Q",0.147942745296984,0.246881463294121,0.599246064580934,-0.34168840886345,0.637573899457418,0.55032463212602
"187","isolation_cat_ordinal","sRAGE","isolation_cat_ordinal.C",-0.171409553501563,0.227399100280587,-0.753782901031977,-0.622402035641795,0.27958292863867,0.452699308088541
"188","isolation_cat_ordinal","GM_CSF","isolation_cat_ordinal.L",-0.090485092707502,0.200686633622782,-0.450877525194733,-0.488499697506852,0.307529512091848,0.653025579866227
"189","isolation_cat_ordinal","GM_CSF","isolation_cat_ordinal.Q",0.039006789836012,0.187011178837927,0.208579990128917,-0.331885775825066,0.40989935549709,0.835188052440512
"190","isolation_cat_ordinal","GM_CSF","isolation_cat_ordinal.C",0.0554665964065252,0.172253409562359,0.322005796851559,-0.286157414593478,0.397090607406529,0.74810092162056
"191","isolation_cat_nominal","IL_10","isolation_cat_nominalSomewhat Isolated",-0.413932275964445,0.252306183951736,-1.64059504797404,-0.914322084100538,0.0864575321716483,0.103931932994901
"192","isolation_cat_nominal","IL_10","isolation_cat_nominalVery Isolated",-0.266964876396191,0.299401795482183,-0.891660906596257,-0.8607577222568,0.326827969464419,0.374652996342388
"193","isolation_cat_nominal","IL_10","isolation_cat_nominalMost Isolated",-0.4852267492325,0.323829991909376,-1.49839965832532,-1.12746716118864,0.157013662723643,0.137088044100167
"194","isolation_cat_nominal","IFN_gamma","isolation_cat_nominalSomewhat Isolated",-0.483000286697778,0.262853105413197,-1.83752931485636,-1.00430742600613,0.0383068526105738,0.0690144923400231
"195","isolation_cat_nominal","IFN_gamma","isolation_cat_nominalVery Isolated",-0.379805820672381,0.311917411123912,-1.21764866957523,-0.998420438284997,0.238808796940235,0.226139719656224
"196","isolation_cat_nominal","IFN_gamma","isolation_cat_nominalMost Isolated",-0.545900139907501,0.337366756795754,-1.61812072147344,-1.21498753229903,0.123187252484026,0.108694945292753
"197","isolation_cat_nominal","IL_12p70","isolation_cat_nominalSomewhat Isolated",-0.349475769244445,0.252043951980808,-1.386566773366,-0.849345502114985,0.150393963626096,0.168567765227535
"198","isolation_cat_nominal","IL_12p70","isolation_cat_nominalVery Isolated",-0.1651410042,0.299090615146851,-0.552143717779031,-0.758316697258988,0.428034688858987,0.582045995507603
"199","isolation_cat_nominal","IL_12p70","isolation_cat_nominalMost Isolated",-0.3430540342,0.323493422366396,-1.06046679926447,-0.984626939849328,0.298518871449328,0.291412667860424
"200","isolation_cat_nominal","IFN_alpha2","isolation_cat_nominalSomewhat Isolated",-0.260170986728889,0.226874805428616,-1.1467601536335,-0.710123653687917,0.189781680230138,0.254137727622977
"201","isolation_cat_nominal","IFN_alpha2","isolation_cat_nominalVery Isolated",-0.330081857582857,0.269223381809748,-1.22605196979554,-0.864022937660784,0.20385922249507,0.222974851905051
"202","isolation_cat_nominal","IFN_alpha2","isolation_cat_nominalMost Isolated",-0.457044591565,0.291189321068896,-1.56957882207797,-1.03454993138187,0.120460748251867,0.119580197774633
"203","isolation_cat_nominal","CX3CL1","isolation_cat_nominalSomewhat Isolated",-0.557961056742222,0.283374273858579,-1.9689898068188,-1.11996709363716,0.00404498015271171,0.0516408714462049
"204","isolation_cat_nominal","CX3CL1","isolation_cat_nominalVery Isolated",-0.544550446796191,0.336269072195822,-1.61938903045796,-1.2114608406784,0.12235994708602,0.108421564664926
"205","isolation_cat_nominal","CX3CL1","isolation_cat_nominalMost Isolated",-0.520448248382501,0.363705270214475,-1.43096152573097,-1.24177187006401,0.200875373299008,0.155468283210451
"206","isolation_cat_nominal","IFN_lambda1","isolation_cat_nominalSomewhat Isolated",-0.6040746598,0.255307692799112,-2.36606524925716,-1.11041725281332,-0.0977320667866852,0.0198488275730755
"207","isolation_cat_nominal","IFN_lambda1","isolation_cat_nominalVery Isolated",-0.574459764828572,0.30296356762738,-1.89613480369069,-1.1753165456766,0.0263970160194593,0.0607446350236731
"208","isolation_cat_nominal","IFN_lambda1","isolation_cat_nominalMost Isolated",-0.712882686650001,0.327682369090697,-2.17552957953831,-1.362763380142,-0.0630019931580006,0.0318772871646482
"209","isolation_cat_nominal","IFN_lambda2_3","isolation_cat_nominalSomewhat Isolated",-0.428188450142222,0.251346866283244,-1.70357584510202,-0.926675677942949,0.0702987776585043,0.0914757846323836
"210","isolation_cat_nominal","IFN_lambda2_3","isolation_cat_nominalVery Isolated",-0.693726387767619,0.298263411048296,-2.32588497975465,-1.28526151659753,-0.102191258937706,0.0219841404018018
"211","isolation_cat_nominal","IFN_lambda2_3","isolation_cat_nominalMost Isolated",-0.569011716345,0.322598726674571,-1.76383745283348,-1.20881020410825,0.0707867714182491,0.0807244092231393
"212","isolation_cat_nominal","sTREM_1","isolation_cat_nominalSomewhat Isolated",-0.59425804388,0.286562577551925,-2.07374615679649,-1.1625873291726,-0.0259287585874048,0.040597453768872
"213","isolation_cat_nominal","sTREM_1","isolation_cat_nominalVery Isolated",-0.656743055251429,0.340052506416019,-1.93129896960081,-1.33115699856666,0.0176708880638065,0.0561946722901904
"214","isolation_cat_nominal","sTREM_1","isolation_cat_nominalMost Isolated",-0.583968149117501,0.367797394882407,-1.58774411467544,-1.31340753492886,0.145471236693862,0.115409384791799
"215","isolation_cat_nominal","sRAGE","isolation_cat_nominalSomewhat Isolated",-0.468453980284445,0.296685685518422,-1.57895713595308,-1.05686006264067,0.119952102071775,0.11741218310423
"216","isolation_cat_nominal","sRAGE","isolation_cat_nominalVery Isolated",-0.405681801649524,0.352065199301933,-1.15229168476152,-1.10392008804757,0.292556484748521,0.251868657475927
"217","isolation_cat_nominal","sRAGE","isolation_cat_nominalMost Isolated",-0.57825029134,0.380790203538717,-1.51855348684465,-1.33345784869932,0.176957266019323,0.131938509463211
"218","isolation_cat_nominal","GM_CSF","isolation_cat_nominalSomewhat Isolated",-0.0298621214666667,0.224737568600032,-0.132875520780474,-0.475576083254674,0.415851840321341,0.894551074371766
"219","isolation_cat_nominal","GM_CSF","isolation_cat_nominalVery Isolated",-0.144744533142857,0.266687207175316,-0.542750192916845,-0.673655709003432,0.384166642717717,0.588474328906125
"220","isolation_cat_nominal","GM_CSF","isolation_cat_nominalMost Isolated",-0.0965930749375001,0.288446219912718,-0.334873776355012,-0.668658120585834,0.475471970710833,0.738401310170727
"221","isolation_cat_d","IL_10","isolation_cat_dHigh",-0.390205400127317,0.229402887404769,-1.70096115415854,-0.845068949126178,0.0646581488715436,0.0919100826498739
"222","isolation_cat_d","IFN_gamma","isolation_cat_dHigh",-0.468845577732195,0.238721893643755,-1.96398231672816,-0.94218699463831,0.00449583917391921,0.0521757143773823
"223","isolation_cat_d","IL_12p70","isolation_cat_dHigh",-0.301015064041464,0.229201243204716,-1.31332212614835,-0.755478789840589,0.153448661757661,0.191937142160939
"224","isolation_cat_d","IFN_alpha2","isolation_cat_dHigh",-0.316489352159512,0.206361393213887,-1.53366551383709,-0.725665874545633,0.0926871702266079,0.128119642136579
"225","isolation_cat_d","CX3CL1","isolation_cat_dHigh",-0.547207059880976,0.257071563961087,-2.12861761701425,-1.0569324833614,-0.0374816364005527,0.0356247724516536
"226","isolation_cat_d","IFN_lambda1","isolation_cat_dHigh",-0.617721191936585,0.23180204999979,-2.66486509475281,-1.07734183717317,-0.158100546699998,0.00891788684754179
"227","isolation_cat_d","IFN_lambda2_3","isolation_cat_dHigh",-0.52366977879317,0.229144760689853,-2.28532294265265,-0.978021510199122,-0.0693180473872193,0.0243033957370478
"228","isolation_cat_d","sTREM_1","isolation_cat_dHigh",-0.608252518545854,0.260012148404982,-2.33932345960416,-1.12380857777552,-0.0926964593161905,0.0212111294636817
"229","isolation_cat_d","sRAGE","isolation_cat_dHigh",-0.473801848888781,0.269382666610915,-1.7588431165585,-1.00793791474054,0.0603342169629816,0.0815174143253977
"230","isolation_cat_d","GM_CSF","isolation_cat_dHigh",-0.0723039007439021,0.204109151514195,-0.354241346884799,-0.477014643887596,0.332406842399792,0.723868421327241
"231","isolation_cat2_d","IL_10","isolation_cat2_dHigh",-0.0952490687111969,0.206675812057984,-0.460862196513224,-0.505049025583763,0.314550888161369,0.645850624954667
"232","isolation_cat2_d","IFN_gamma","isolation_cat2_dHigh",-0.141130206846718,0.215809544540894,-0.653957206327246,-0.569040667993155,0.286780254299719,0.514569087924235
"233","isolation_cat2_d","IL_12p70","isolation_cat2_dHigh",-0.0174133740100387,0.205573549695991,-0.0847062962905013,-0.425027748235514,0.390201000215437,0.932656187675084
"234","isolation_cat2_d","IFN_alpha2","isolation_cat2_dHigh",-0.21773188428417,0.184417622256559,-1.18064576269867,-0.58339796245144,0.1479341938831,0.240411069298252
"235","isolation_cat2_d","CX3CL1","isolation_cat2_dHigh",-0.175438623746332,0.232962109542852,-0.753077932246578,-0.637359452763415,0.286482205270751,0.453088284068302
"236","isolation_cat2_d","IFN_lambda1","isolation_cat2_dHigh",-0.245984615744788,0.211729715784177,-1.16178598187667,-0.665805530117938,0.173836298628363,0.247956510906059
"237","isolation_cat2_d","IFN_lambda2_3","isolation_cat2_dHigh",-0.364531715381467,0.205819047443398,-1.77112721057421,-0.772632866290184,0.0435694355272501,0.0794410888338655
"238","isolation_cat2_d","sTREM_1","isolation_cat2_dHigh",-0.24324979736332,0.236085072514181,-1.03034806382648,-0.71136288505945,0.224863290332809,0.305214192358693
"239","isolation_cat2_d","sRAGE","isolation_cat2_dHigh",-0.179157026081853,0.242536090516329,-0.73868192441154,-0.660061290804169,0.301747238640462,0.461748144483902
"240","isolation_cat2_d","GM_CSF","isolation_cat2_dHigh",-0.104725202860232,0.181409813541937,-0.577285213051728,-0.464427351967497,0.254976946247034,0.564982563284241
"241","isolation_item_communicate","IL_10","isolation_item_communicate5",0.218598011656862,0.289062935871655,0.756229818941299,-0.354965565775013,0.792161589088737,0.451307180393273
"242","isolation_item_communicate","IL_10","isolation_item_communicate4",-0.085924831809524,0.311094274716847,-0.276201906601243,-0.703203365244173,0.531353701625125,0.78296875939611
"243","isolation_item_communicate","IL_10","isolation_item_communicate3",-0.407305458320513,0.320223671807093,-1.27194050340501,-1.04269869621939,0.228087779578366,0.206373982666683
"244","isolation_item_communicate","IL_10","isolation_item_communicate2",0.0493331082619049,0.414374017855618,0.119054540429932,-0.772874842264184,0.871541058787994,0.905473394455266
"245","isolation_item_communicate","IL_10","isolation_item_communicate1",0.413348330333334,0.443487564250164,0.932040408015073,-0.466627212469612,1.29332387313628,0.353583089923694
"246","isolation_item_communicate","IL_10","isolation_item_communicate0",-0.869271279166666,1.03480431658372,-0.840034454085447,-2.92254754570687,1.18400498737354,0.402913196177497
"247","isolation_item_communicate","IFN_gamma","isolation_item_communicate5",0.268783860011029,0.30666053740564,0.876486626825058,-0.339697176691842,0.8772648967139,0.382887381440925
"248","isolation_item_communicate","IFN_gamma","isolation_item_communicate4",0.00447179061607128,0.330033102240559,0.0135495215046999,-0.650385485434298,0.659329066666441,0.989216644755402
"249","isolation_item_communicate","IFN_gamma","isolation_item_communicate3",0.250577163264423,0.339718279655097,0.737602826432609,-0.423497605990996,0.924651932519842,0.462500535157889
"250","isolation_item_communicate","IFN_gamma","isolation_item_communicate2",-0.0152528108124999,0.439600319630596,-0.0346969966384854,-0.887515216946335,0.857009595321336,0.972391217951565
"251","isolation_item_communicate","IFN_gamma","isolation_item_communicate1",0.256780177520834,0.470486243335113,0.545776164889771,-0.676766601992909,1.19032695703458,0.586447516138326
"252","isolation_item_communicate","IFN_gamma","isolation_item_communicate0",-0.464023887812501,1.0978012344486,-0.422684793250001,-2.6422997066779,1.7142519310529,0.673441921218511
"253","isolation_item_communicate","IL_12p70","isolation_item_communicate5",-0.0647546668946078,0.291292250467407,-0.222301371872072,-0.642741688137794,0.513232354348578,0.824537245783346
"254","isolation_item_communicate","IL_12p70","isolation_item_communicate4",-0.206595188113096,0.313493499664832,-0.659009479730758,-0.828634304360206,0.415443928134015,0.511419597291942
"255","isolation_item_communicate","IL_12p70","isolation_item_communicate3",-0.203629364157051,0.322693304599385,-0.631030645057391,-0.84392288930659,0.436664160992488,0.529474667536691
"256","isolation_item_communicate","IL_12p70","isolation_item_communicate2",0.243806784744048,0.417569758061191,0.583870790538238,-0.584742207670806,1.0723557771589,0.560635225769176
"257","isolation_item_communicate","IL_12p70","isolation_item_communicate1",0.152158453458334,0.446907834292867,0.340469425198354,-0.734603647142346,1.03892055405901,0.73422444480081
"258","isolation_item_communicate","IL_12p70","isolation_item_communicate0",-0.586321196541666,1.04278494668336,-0.562264730044769,-2.65543276460992,1.48279037152659,0.575206569759774
"259","isolation_item_communicate","IFN_alpha2","isolation_item_communicate5",-0.0879721760551467,0.264898596610431,-0.332097554237034,-0.613588461901016,0.437644109790722,0.740517686958043
"260","isolation_item_communicate","IFN_alpha2","isolation_item_communicate4",0.0248522031339287,0.285088216299796,0.0871737297896395,-0.540824668345662,0.59052907461352,0.930709500337544
"261","isolation_item_communicate","IFN_alpha2","isolation_item_communicate3",-0.0488646638605768,0.293454437551279,-0.166515334606375,-0.631141933368083,0.533412605646929,0.868091033681595
"262","isolation_item_communicate","IFN_alpha2","isolation_item_communicate2",-0.0269051320803569,0.379734245315061,-0.0708525301899861,-0.780380258732376,0.726569994571662,0.943658055123524
"263","isolation_item_communicate","IFN_alpha2","isolation_item_communicate1",0.00423803389583329,0.406414032396765,0.010427872952221,-0.802175578548419,0.810651646340085,0.991700896938485
"264","isolation_item_communicate","IFN_alpha2","isolation_item_communicate0",-0.4987132189375,0.948299408925784,-0.525902699340953,-2.38034498130742,1.38291854343242,0.600131895842563
"265","isolation_item_communicate","CX3CL1","isolation_item_communicate5",0.540256873785537,0.32306795645816,1.67227006883769,-0.100780041933126,1.1812937895042,0.0976287626031135
"266","isolation_item_communicate","CX3CL1","isolation_item_communicate4",0.507855028377977,0.347691035848433,1.46065033612015,-0.182039418867125,1.19774947562308,0.147277882444833
"267","isolation_item_communicate","CX3CL1","isolation_item_communicate3",0.0574452380208333,0.357894404373516,0.160508902399269,-0.652694906015021,0.767585382056688,0.872807272287161
"268","isolation_item_communicate","CX3CL1","isolation_item_communicate2",-0.255615466979167,0.463120485351365,-0.551941611447469,-1.17454698464027,0.663316050681941,0.582232179600503
"269","isolation_item_communicate","CX3CL1","isolation_item_communicate1",-0.2215828028125,0.495658914778762,-0.447046943383242,-1.20507762372145,0.761912018096446,0.655817669216247
"270","isolation_item_communicate","CX3CL1","isolation_item_communicate0",1.27421324102084,1.15653746781711,1.10174834493329,-1.02060800776671,3.56903448980838,0.273242445039179
"271","isolation_item_communicate","IFN_lambda1","isolation_item_communicate5",0.261907197234068,0.302494212706742,0.865825481057974,-0.338306947375437,0.862121341843573,0.388679282563933
"272","isolation_item_communicate","IFN_lambda1","isolation_item_communicate4",0.0945489317172623,0.325549235235852,0.290428978119896,-0.55141137941371,0.740509242848234,0.772095576890272
"273","isolation_item_communicate","IFN_lambda1","isolation_item_communicate3",-0.0627486560464742,0.335102828736084,-0.187251943778407,-0.727665369349171,0.602168057256223,0.851846325713499
"274","isolation_item_communicate","IFN_lambda1","isolation_item_communicate2",-0.114210551782738,0.433627860034669,-0.263383795897262,-0.974622302343671,0.746201198778195,0.792802190470824
"275","isolation_item_communicate","IFN_lambda1","isolation_item_communicate1",0.2575762223125,0.464094164091132,0.555008535427137,-0.663287285209451,1.17843972983445,0.580140677187904
"276","isolation_item_communicate","IFN_lambda1","isolation_item_communicate0",0.0995776686458334,1.08288638287931,0.0919557861472636,-2.04910384890539,2.24825918619705,0.926918985448499
"277","isolation_item_communicate","IFN_lambda2_3","isolation_item_communicate5",0.389888520606617,0.29503645351001,1.32149270359023,-0.195527811783884,0.975304852997117,0.189382986392549
"278","isolation_item_communicate","IFN_lambda2_3","isolation_item_communicate4",0.124968982669643,0.317523072416589,0.393574494346301,-0.505065680139155,0.75500364547844,0.694741567940845
"279","isolation_item_communicate","IFN_lambda2_3","isolation_item_communicate3",-0.0253104489951923,0.326841129510518,-0.0774396081456993,-0.673834158645614,0.623213260655229,0.93843012746752
"280","isolation_item_communicate","IFN_lambda2_3","isolation_item_communicate2",0.2207969393125,0.422937102905151,0.522056205983935,-0.618402029726749,1.05999590835175,0.602797346001872
"281","isolation_item_communicate","IFN_lambda2_3","isolation_item_communicate1",0.00547357681250016,0.45265228396579,0.0120922328382946,-0.892686758206729,0.903633911831729,0.99037636401966
"282","isolation_item_communicate","IFN_lambda2_3","isolation_item_communicate0",-0.4261981506875,1.05618866258684,-0.403524640800105,-2.5219055990657,1.6695092976907,0.687432553757333
"283","isolation_item_communicate","sTREM_1","isolation_item_communicate5",0.524884511049019,0.327841621814286,1.60103072985148,-0.12562439239047,1.17539341448851,0.112556437734595
"284","isolation_item_communicate","sTREM_1","isolation_item_communicate4",0.663731024738096,0.352828532834087,1.88117162579424,-0.0363573311146657,1.36381938059086,0.0628869863127455
"285","isolation_item_communicate","sTREM_1","isolation_item_communicate3",0.0336482240128206,0.363182666750384,0.0926482100973918,-0.686984979875652,0.754281427901293,0.92637027046135
"286","isolation_item_communicate","sTREM_1","isolation_item_communicate2",-0.188768912261905,0.469963572610378,-0.40166711477956,-1.12127859966353,0.743740775139721,0.688794800614337
"287","isolation_item_communicate","sTREM_1","isolation_item_communicate1",-0.202690015833333,0.502982791203631,-0.402976044862885,-1.20071699649583,0.795336964829162,0.687834768562769
"288","isolation_item_communicate","sTREM_1","isolation_item_communicate0",0.740851864166667,1.17362651280847,0.631250109026439,-1.58787775737915,3.06958148571249,0.529331774798835
"289","isolation_item_communicate","sRAGE","isolation_item_communicate5",0.521039704979165,0.339041477744361,1.53680224745844,-0.151692142452105,1.19377155241044,0.127531737239268
"290","isolation_item_communicate","sRAGE","isolation_item_communicate4",0.528843733764881,0.364882001560521,1.44935549438759,-0.195161319060286,1.25284878659005,0.150398710543141
"291","isolation_item_communicate","sRAGE","isolation_item_communicate3",-0.0908279679439104,0.375589857519496,-0.241827531083412,-0.836079730078022,0.654423794190201,0.8094140183177
"292","isolation_item_communicate","sRAGE","isolation_item_communicate2",-0.15100446916369,0.486018655172779,-0.310696858148395,-1.11537092354475,0.813361985217371,0.756684282285843
"293","isolation_item_communicate","sRAGE","isolation_item_communicate1",-0.110870564520834,0.520165889449707,-0.213144627069117,-1.14299254000397,0.921251410962302,0.831652461107423
"294","isolation_item_communicate","sRAGE","isolation_item_communicate0",0.258090984979166,1.21372040871598,0.212644512793688,-2.15019362448148,2.66637559443981,0.832041482497996
"295","isolation_item_communicate","GM_CSF","isolation_item_communicate5",0.131008485767157,0.255326025326269,0.513102750100572,-0.375613741866408,0.637630713400722,0.609022549190969
"296","isolation_item_communicate","GM_CSF","isolation_item_communicate4",-0.223074450791667,0.274786058010835,-0.81181138667112,-0.768309605156373,0.32216070357304,0.418847511849073
"297","isolation_item_communicate","GM_CSF","isolation_item_communicate3",0.0982330064775641,0.282849951313685,0.34729723664906,-0.463002661674443,0.659468674629571,0.72910525376588
"298","isolation_item_communicate","GM_CSF","isolation_item_communicate2",0.0421507565654764,0.366011888236432,0.115162260899701,-0.684096236555406,0.768397749686358,0.90854976903495
"299","isolation_item_communicate","GM_CSF","isolation_item_communicate1",0.425893344208334,0.391727554832208,1.08721824378875,-0.35137911049323,1.2031657989099,0.279580309939335
"300","isolation_item_communicate","GM_CSF","isolation_item_communicate0",-0.828183538291666,0.91403096127515,-0.906078211110355,-2.64181926592865,0.985452189345316,0.367094434573658
"301","isolation_item_visit","IL_10","isolation_item_visit5",0.207492148657143,0.603081613958994,0.344053182611618,-0.989004596782716,1.403988894097,0.73152870295621
"302","isolation_item_visit","IL_10","isolation_item_visit4",0.113141893355556,0.57448308845421,0.196945559633431,-1.02661619201104,1.25289997872215,0.844269869038674
"303","isolation_item_visit","IL_10","isolation_item_visit3",-0.229992638661538,0.541999719521752,-0.424340881328275,-1.30530464524045,0.845319367917371,0.672228743699305
"304","isolation_item_visit","IL_10","isolation_item_visit2",-0.278968334234482,0.498740854428008,-0.559345262690427,-1.26845598454375,0.710519316074787,0.577176731964265
"305","isolation_item_visit","IL_10","isolation_item_visit1",-0.154514297366666,0.491558446890299,-0.314335555302031,-1.12975225568669,0.82072366095336,0.753921053487882
"306","isolation_item_visit","IL_10","isolation_item_visit0",-0.405649294825,0.587166362815232,-0.690859218978538,-1.57057063528549,0.759272045635486,0.491254578860012
"307","isolation_item_visit","IFN_gamma","isolation_item_visit5",0.122125503542855,0.61731100856552,0.197834643880148,-1.10260195552218,1.34685296260789,0.843576038156174
"308","isolation_item_visit","IFN_gamma","isolation_item_visit4",1.03681425673333,0.588037715839926,1.76317645757193,-0.129835823310728,2.20346433677739,0.0809254248055824
"309","isolation_item_visit","IFN_gamma","isolation_item_visit3",0.331775216553844,0.554787918842028,0.5980217039447,-0.768908213249696,1.43245864635738,0.55117744679816
"310","isolation_item_visit","IFN_gamma","isolation_item_visit2",0.490447413468963,0.510508383498352,0.96070393615886,-0.522386679359266,1.50328150629719,0.339018245915117
"311","isolation_item_visit","IFN_gamma","isolation_item_visit1",0.176795883094443,0.503156510819088,0.351373537443919,-0.821452303730315,1.1750440699192,0.726047384944339
"312","isolation_item_visit","IFN_gamma","isolation_item_visit0",0.019271001649998,0.601020245412198,0.0320638144839553,-1.17313604730384,1.21167805060383,0.974485070290112
"313","isolation_item_visit","IL_12p70","isolation_item_visit5",0.518271760542856,0.590446067788029,0.877763082552895,-0.653156421172819,1.68969994225853,0.382176331692043
"314","isolation_item_visit","IL_12p70","isolation_item_visit4",0.600229769066666,0.562446728166338,1.06717621244506,-0.515648520302105,1.71610805843544,0.288461878080062
"315","isolation_item_visit","IL_12p70","isolation_item_visit3",0.220624893323077,0.530643938940564,0.415768233900036,-0.832157568012152,1.27340735465831,0.678470465905122
"316","isolation_item_visit","IL_12p70","isolation_item_visit2",0.263546660227586,0.488291417821738,0.539732320922748,-0.705209605470226,1.2323029259254,0.590581501884177
"317","isolation_item_visit","IL_12p70","isolation_item_visit1",-0.079864250211111,0.481259493468993,-0.165948415137616,-1.03466937827266,0.874940877850441,0.868532596960366
"318","isolation_item_visit","IL_12p70","isolation_item_visit0",-0.1016477386,0.574864267185611,-0.17682041553503,-1.24216207171317,1.03886659451316,0.860007080646215
"319","isolation_item_visit","IFN_alpha2","isolation_item_visit5",0.333542507514284,0.525597898017431,0.634596349742674,-0.709228752348146,1.37631376737671,0.527140898627048
"320","isolation_item_visit","IFN_alpha2","isolation_item_visit4",0.969897931244443,0.500673701119705,1.93718569414644,-0.0234244318508247,1.96322029433971,0.0555442603615227
"321","isolation_item_visit","IFN_alpha2","isolation_item_visit3",0.277869184723076,0.472363784126306,0.588252516515483,-0.659287109365522,1.21502547881167,0.557689054225877
"322","isolation_item_visit","IFN_alpha2","isolation_item_visit2",0.0901818772137919,0.434662802969488,0.207475488120207,-0.772176744039286,0.95254049846687,0.836060459649954
"323","isolation_item_visit","IFN_alpha2","isolation_item_visit1",0.177706244077777,0.428403188653372,0.414810740873272,-0.672233480655184,1.02764596881074,0.679169016149383
"324","isolation_item_visit","IFN_alpha2","isolation_item_visit0",-0.139063722700001,0.511727432803498,-0.271753503497244,-1.15431637462932,0.876188929229314,0.786371808808636
"325","isolation_item_visit","CX3CL1","isolation_item_visit5",-0.0300134944571455,0.679142686385734,-0.0441932086714672,-1.37741324126001,1.31738625234572,0.964838522300109
"326","isolation_item_visit","CX3CL1","isolation_item_visit4",0.309470501844441,0.646937294962027,0.478362438298762,-0.974034665630891,1.59297566931977,0.633436440311979
"327","isolation_item_visit","CX3CL1","isolation_item_visit3",-0.450456320292311,0.61035710095673,-0.738020938211786,-1.66138742471907,0.760474784134444,0.462230146120656
"328","isolation_item_visit","CX3CL1","isolation_item_visit2",-0.027218771324142,0.561642397722947,-0.0484628144785621,-1.14150129200175,1.08706374935346,0.961444059324296
"329","isolation_item_visit","CX3CL1","isolation_item_visit1",-0.261592691266671,0.553554139953231,-0.472569297898798,-1.35982833889468,0.836642956361339,0.637550238563412
"330","isolation_item_visit","CX3CL1","isolation_item_visit0",-0.138891730475004,0.661220192703124,-0.210053673508069,-1.45073376027066,1.17295029932065,0.834053161142828
"331","isolation_item_visit","IFN_lambda1","isolation_item_visit5",-0.277677250971429,0.604141219031381,-0.459623085173081,-1.47627622269579,0.920921720752929,0.64678446137028
"332","isolation_item_visit","IFN_lambda1","isolation_item_visit4",0.62996716482222,0.575492446359404,1.09465757336595,-0.511793457880279,1.77172778752472,0.276296301632573
"333","isolation_item_visit","IFN_lambda1","isolation_item_visit3",-0.552305712476924,0.542952004649908,-1.01722750399098,-1.62950702562761,0.52489560067376,0.311500009401064
"334","isolation_item_visit","IFN_lambda1","isolation_item_visit2",-0.295278886055174,0.499617134398955,-0.59101032715861,-1.28650505086905,0.695947278758707,0.555847004073321
"335","isolation_item_visit","IFN_lambda1","isolation_item_visit1",-0.178372310205557,0.492422107482239,-0.362234569681644,-1.15532374654166,0.798579126130548,0.717941133741654
"336","isolation_item_visit","IFN_lambda1","isolation_item_visit0",-0.478342412150001,0.588198005037401,-0.813233652704391,-1.64531050139658,0.688625677096574,0.418016147636688
"337","isolation_item_visit","IFN_lambda2_3","isolation_item_visit5",0.190348079971428,0.600594163227095,0.316932950111695,-1.00121363406261,1.38190979400547,0.751955189554285
"338","isolation_item_visit","IFN_lambda2_3","isolation_item_visit4",0.618030269511112,0.572113594266751,1.08025796922936,-0.517026806874263,1.75308734589649,0.282625791556135
"339","isolation_item_visit","IFN_lambda2_3","isolation_item_visit3",-0.217644514369231,0.53976420517708,-0.403221466487998,-1.28852132415906,0.853232295420599,0.687646138927959
"340","isolation_item_visit","IFN_lambda2_3","isolation_item_visit2",0.0585531820551724,0.496683764185727,0.117888254614414,-0.926853259802377,1.04395962391272,0.906392667478287
"341","isolation_item_visit","IFN_lambda2_3","isolation_item_visit1",-0.1046015796,0.489530980971613,-0.213677139273981,-1.07581710328258,0.866613944082575,0.831233895896759
"342","isolation_item_visit","IFN_lambda2_3","isolation_item_visit0",-0.331190812725,0.584744555608504,-0.566385457630045,-1.49130735666398,0.828925731213983,0.57240073251495
"343","isolation_item_visit","sTREM_1","isolation_item_visit5",0.337378249485711,0.689657235726669,0.489196998172906,-1.03088206373968,1.70563856271111,0.625773525529122
"344","isolation_item_visit","sTREM_1","isolation_item_visit4",0.595388061311108,0.656953237480042,0.906286821258257,-0.707988450851134,1.89876457347335,0.366962629280607
"345","isolation_item_visit","sTREM_1","isolation_item_visit3",-0.0435752814153875,0.619806705557131,-0.0703046304996307,-1.27325413223065,1.18610356939987,0.944091601270768
"346","isolation_item_visit","sTREM_1","isolation_item_visit2",0.275142994372411,0.570337796821252,0.482421112375694,-0.856390950458426,1.40667693920325,0.630561141054019
"347","isolation_item_visit","sTREM_1","isolation_item_visit1",-0.0287807536333362,0.562124315903137,-0.0511999798249176,-1.14401938625469,1.08645787898802,0.959268301062364
"348","isolation_item_visit","sTREM_1","isolation_item_visit0",0.00670729994999696,0.67145726435356,0.00998916879163466,-1.3254447884332,1.3388593883332,0.992049830275715
"349","isolation_item_visit","sRAGE","isolation_item_visit5",-0.237725501542859,0.707344282613687,-0.336081746026766,-1.64107641203889,1.16562540895317,0.737513387531517
"350","isolation_item_visit","sRAGE","isolation_item_visit4",-0.295368186622224,0.673801553008327,-0.43836079822537,-1.63217127692768,1.04143490368323,0.662070290552972
"351","isolation_item_visit","sRAGE","isolation_item_visit3",-0.676178859707694,0.635702355880478,-1.06367209976932,-1.93739422803289,0.585036508617497,0.290039053014505
"352","isolation_item_visit","sRAGE","isolation_item_visit2",-0.424638274296554,0.584964760523282,-0.725921120302516,-1.5851916985147,0.735915149921588,0.469582708526724
"353","isolation_item_visit","sRAGE","isolation_item_visit1",-0.717695222872225,0.57654063551332,-1.24483024901311,-1.86153542300212,0.426144977257672,0.216103560518558
"354","isolation_item_visit","sRAGE","isolation_item_visit0",-0.522755077150003,0.688677552203852,-0.759070882268666,-1.88907172616896,0.843561571868956,0.449595706420551
"355","isolation_item_visit","GM_CSF","isolation_item_visit5",0.752583263228569,0.500192130000689,1.50458837332673,-0.239783676482427,1.74495020293957,0.135581911036962
"356","isolation_item_visit","GM_CSF","isolation_item_visit4",1.22664686513333,0.47647269127794,2.5744326749207,0.281338616283636,2.17195511398303,0.0115057437319072
"357","isolation_item_visit","GM_CSF","isolation_item_visit3",0.799703690261538,0.449531187640873,1.77897265473028,-0.092153382706021,1.6915607632291,0.0782827297674291
"358","isolation_item_visit","GM_CSF","isolation_item_visit2",0.274902633731034,0.413652554680056,0.664573760323227,-0.545772253318703,1.09557752078077,0.507852774272868
"359","isolation_item_visit","GM_CSF","isolation_item_visit1",0.342053091827778,0.407695510655391,0.838991558376275,-0.466803189542433,1.15090937319799,0.403475190572691
"360","isolation_item_visit","GM_CSF","isolation_item_visit0",0.104351538925,0.48699211994428,0.214277674425081,-0.861826956789855,1.07053003463986,0.830766856766181
"361","isolation_item_communicate_d","IL_10","isolation_item_communicate_dHigh",-0.0142345162873564,0.199493453679975,-0.071353300194959,-0.409837521222589,0.381368488647876,0.943253610524012
"362","isolation_item_communicate_d","IFN_gamma","isolation_item_communicate_dHigh",0.1527469191875,0.208005536736657,0.734340641042086,-0.25973586587768,0.56522970425268,0.464393618035901
"363","isolation_item_communicate_d","IL_12p70","isolation_item_communicate_dHigh",-0.0794321842658045,0.198103270721134,-0.40096351754646,-0.472278404224978,0.313414035693369,0.689269578892797
"364","isolation_item_communicate_d","IFN_alpha2","isolation_item_communicate_dHigh",-0.0421458227478447,0.179014360293963,-0.235432636122802,-0.397138016990251,0.312846371494561,0.814335931257072
"365","isolation_item_communicate_d","CX3CL1","isolation_item_communicate_dHigh",0.262009198296696,0.223732732892366,1.17108120438838,-0.181661206931625,0.705679603525017,0.244242333591844
"366","isolation_item_communicate_d","IFN_lambda1","isolation_item_communicate_dHigh",0.100102344973419,0.20517217770211,0.487894343641261,-0.306761782800252,0.50696647274709,0.626651687304013
"367","isolation_item_communicate_d","IFN_lambda2_3","isolation_item_communicate_dHigh",0.158635459588362,0.200730783677149,0.790289644081237,-0.239421217163911,0.556692136340635,0.431156978725118
"368","isolation_item_communicate_d","sTREM_1","isolation_item_communicate_dHigh",0.290621160856322,0.226872159781231,1.28099085025048,-0.159274845704272,0.740517167416915,0.203046035473847
"369","isolation_item_communicate_d","sRAGE","isolation_item_communicate_dHigh",0.23476827565158,0.233247021549409,1.00652207300254,-0.227769321021456,0.697305872324617,0.31650060309192
"370","isolation_item_communicate_d","GM_CSF","isolation_item_communicate_dHigh",0.0414372905876436,0.175179267421969,0.236542207291176,-0.305949770572048,0.388824351747335,0.813477223693111
"371","isolation_item_visit_d","IL_10","isolation_item_visit_dHigh",-0.0635202232240261,0.199881670193849,-0.317789135754284,-0.459848651836053,0.332808205388001,0.751276021246156
"372","isolation_item_visit_d","IFN_gamma","isolation_item_visit_dHigh",-0.30775388763456,0.206860100492638,-1.48773923488214,-0.717919254430141,0.102411479161021,0.139816733198263
"373","isolation_item_visit_d","IL_12p70","isolation_item_visit_dHigh",-0.393998646450938,0.194961730574681,-2.02090248834766,-0.78057174363993,-0.00742554926194605,0.0458349646924114
"374","isolation_item_visit_d","IFN_alpha2","isolation_item_visit_dHigh",-0.154355799691919,0.178806684537849,-0.863255197035132,-0.508896424850219,0.20018482546638,0.389964732781941
"375","isolation_item_visit_d","CX3CL1","isolation_item_visit_dHigh",-0.174678084766595,0.225147428185603,-0.775838685674866,-0.621103844228683,0.271747674695493,0.439588232777582
"376","isolation_item_visit_d","IFN_lambda1","isolation_item_visit_dHigh",-0.0421647377694804,0.205931119802519,-0.204751655844512,-0.450488107463633,0.366158631924672,0.838162539299796
"377","isolation_item_visit_d","IFN_lambda2_3","isolation_item_visit_dHigh",-0.237281726402237,0.200565249821378,-1.18306499562391,-0.634965567140584,0.16040211433611,0.239455182477617
"378","isolation_item_visit_d","sTREM_1","isolation_item_visit_dHigh",-0.262531689406927,0.22791848753999,-1.151866582832,-0.714451947681485,0.189388568867632,0.251991864176444
"379","isolation_item_visit_d","sRAGE","isolation_item_visit_dHigh",-0.278644777137446,0.233468950247996,-1.19349822253222,-0.741570577646068,0.184281023371176,0.235363956783348
"380","isolation_item_visit_d","GM_CSF","isolation_item_visit_dHigh",-0.251581705358586,0.173906853602336,-1.44664629453802,-0.596406870898937,0.093243460181765,0.150974721995605
"381","race_f","IL_10","race_fBlack",-0.348259497249118,0.239439535608627,-1.45447783451419,-0.823186680841328,0.126667686343091,0.148884261385183
"382","race_f","IL_10","race_fUnknown",-1.04707496241216,0.514862448939311,-2.03369844619526,-2.06830218869536,-0.0258477361289666,0.0445784163521047
"383","race_f","IL_10","race_fAsian",-0.718941109162161,1.00972833613758,-0.712014393804435,-2.72173247632764,1.28385025800332,0.47808127545547
"384","race_f","IL_10","race_fOther",0.031757552437838,0.463449540471264,0.0685242937247171,-0.887492413670058,0.951007518545735,0.94550243437603
"385","race_f","IFN_gamma","race_fBlack",-0.0574901250387779,0.254152485103628,-0.226203277199264,-0.561600374193798,0.446620124116242,0.821495990873355
"386","race_f","IFN_gamma","race_fUnknown",-0.882128757114865,0.54649943482329,-1.61414395131095,-1.96610779489415,0.201850280664424,0.109585673746264
"387","race_f","IFN_gamma","race_fAsian",-0.546105525864865,1.07177357012745,-0.509534421342301,-2.67196332046568,1.57975226873595,0.611478323538641
"388","race_f","IFN_gamma","race_fOther",0.0465387033351352,0.491927334103392,0.0946048330897462,-0.92919683141642,1.02227423808669,0.924814310455157
"389","race_f","IL_12p70","race_fBlack",-0.414136521324912,0.236413387711577,-1.75174733264326,-0.883061354911613,0.0547883122617888,0.0828228846523772
"390","race_f","IL_12p70","race_fUnknown",-1.08705490146622,0.508355378529374,-2.13837592239305,-2.09537538444417,-0.0787344184882657,0.0348741438959791
"391","race_f","IL_12p70","race_fAsian",-0.505005013716216,0.996966921138894,-0.506541393709752,-2.48248417473925,1.47247414730681,0.61356984343505
"392","race_f","IL_12p70","race_fOther",0.178364682083784,0.457592250242559,0.389789560442155,-0.72926737662745,1.08599674079502,0.697504877505616
"393","race_f","IFN_alpha2","race_fBlack",-0.147221780882491,0.218000453454781,-0.675327865375421,-0.579624646674606,0.285181084909624,0.500995582015168
"394","race_f","IFN_alpha2","race_fUnknown",-0.749340720371622,0.468762383164113,-1.59855130719667,-1.67912868477028,0.180447244027033,0.113013595289787
"395","race_f","IFN_alpha2","race_fAsian",-0.443538525621621,0.919318668843104,-0.482464395267619,-2.26700274638026,1.37992569513701,0.630509864961805
"396","race_f","IFN_alpha2","race_fOther",-0.165896065221621,0.42195291483227,-0.393162505554836,-1.00283767112821,0.671045540684971,0.695019999232604
"397","race_f","CX3CL1","race_fBlack",0.37035884477967,0.274514318805984,1.34914217367811,-0.174139004979618,0.914856694538957,0.180278619758891
"398","race_f","CX3CL1","race_fUnknown",-0.391178211959459,0.590283112979204,-0.662695922275589,-1.56200196776345,0.779645543844528,0.509020045088181
"399","race_f","CX3CL1","race_fAsian",-0.0533355219594594,1.15764042754817,-0.0460726152009233,-2.34950982112197,2.24283877720305,0.963342455741242
"400","race_f","CX3CL1","race_fOther",-0.258397391959459,0.531338880941394,-0.486313727882375,-1.31230554299682,0.795510759077902,0.627787974870694
"401","race_f","IFN_lambda1","race_fBlack",-0.302763341736193,0.245702717828695,-1.23223440266249,-0.790113517565423,0.184586834093038,0.220694463705077
"402","race_f","IFN_lambda1","race_fUnknown",-1.12256723704054,0.52833005497931,-2.12474612500419,-2.17050739604827,-0.0746270780328135,0.0360239795414577
"403","race_f","IFN_lambda1","race_fAsian",-1.29486349204054,1.03614048459887,-1.24969877278932,-3.35004323044743,0.760316246366357,0.214269500703046
"404","race_f","IFN_lambda1","race_fOther",-0.286757738240541,0.475572304217861,-0.602974007731906,-1.23005314876049,0.65653767227941,0.547864346025433
"405","race_f","IFN_lambda2_3","race_fBlack",-0.0930222133789659,0.244135402083551,-0.381027137338856,-0.577263625859031,0.3912191991011,0.70397557606907
"406","race_f","IFN_lambda2_3","race_fUnknown",-0.99291956977027,0.524959884632317,-1.89141989480913,-2.03417501187419,0.0483358723336458,0.0614052379721529
"407","race_f","IFN_lambda2_3","race_fAsian",-0.60391208477027,1.02953103676677,-0.586589489003507,-2.64598201474048,1.43815784519994,0.558775435653677
"408","race_f","IFN_lambda2_3","race_fOther",-0.24025679377027,0.472538670862308,-0.508438374645275,-1.17753500691326,0.697021419372722,0.612243866289402
"409","race_f","sTREM_1","race_fBlack",0.153236179249706,0.281425891235744,0.544499223496618,-0.404970741653224,0.711443100152637,0.587286404505643
"410","race_f","sTREM_1","race_fUnknown",-0.289242265445946,0.605144940614153,-0.477971880839651,-1.48954438589743,0.911059855005543,0.633692997755289
"411","race_f","sTREM_1","race_fAsian",-0.184155055445946,1.18678686951674,-0.155171126489573,-2.53814118405707,2.16983107316518,0.876993063408382
"412","race_f","sTREM_1","race_fOther",-0.296281151045946,0.544716642714796,-0.543917934229657,-1.37672402913103,0.784161727039142,0.58768489737688
"413","race_f","sRAGE","race_fBlack",0.0626836867737952,0.288779167739899,0.217064434614113,-0.510108423210029,0.635475796757619,0.828591716029861
"414","race_f","sRAGE","race_fUnknown",-0.221993772128378,0.620956556432042,-0.357502903913172,-1.45365815758487,1.00967061332811,0.721454014769292
"415","race_f","sRAGE","race_fAsian",-0.406444968878378,1.21779599936168,-0.333754560773251,-2.82193755950911,2.00904762175235,0.739249944753935
"416","race_f","sRAGE","race_fOther",-0.346910074878378,0.5589493491396,-0.6206467104978,-1.45558345867358,0.761763308916825,0.536216445186384
"417","race_f","GM_CSF","race_fBlack",-0.492335660460634,0.207648076005727,-2.37100997963042,-0.904204634667698,-0.0804666862535712,0.0196176992230558
"418","race_f","GM_CSF","race_fUnknown",-0.894688490993243,0.446501855502231,-2.00377328776582,-1.78032280432145,-0.00905417766504046,0.0477460503330811
"419","race_f","GM_CSF","race_fAsian",-0.550146994243243,0.875662182331254,-0.628263964510377,-2.28701878100011,1.18672479251362,0.531235279963019
"420","race_f","GM_CSF","race_fOther",-0.145283533243243,0.40191526917215,-0.361478013867184,-0.942480563990226,0.65191349750374,0.718489834134644
"421","race_dichotomized","IL_10","race_dichotomized",-0.386618837374283,0.209694419893305,-1.84372496688753,-0.802404135968321,0.029166461219754,0.0680432029853751
"422","race_dichotomized","IFN_gamma","race_dichotomized",-0.156490906470925,0.222180936254311,-0.70433993622119,-0.597034660422057,0.284052847480206,0.482780346803272
"423","race_dichotomized","IL_12p70","race_dichotomized",-0.408683066655611,0.207928123202015,-1.96550163759498,-0.820966125192104,0.00359999188088289,0.0519972619745695
"424","race_dichotomized","IFN_alpha2","race_dichotomized",-0.232014627076167,0.189834794420862,-1.22219231613459,-0.608421956951596,0.144392702799262,0.224371468838646
"425","race_dichotomized","CX3CL1","race_dichotomized",0.169946003040541,0.239992395020201,0.708130784836893,-0.305914583400168,0.64580658948125,0.480433074050671
"426","race_dichotomized","IFN_lambda1","race_dichotomized",-0.429772060343571,0.215403158308418,-1.99519850924477,-0.856876732661196,-0.00266738802594596,0.0486118431092889
"427","race_dichotomized","IFN_lambda2_3","race_dichotomized",-0.239890461830876,0.213829437200302,-1.12187762813107,-0.663874735898635,0.184093812236882,0.264473487566397
"428","race_dichotomized","sTREM_1","race_dichotomized",0.0212697651601147,0.244351147937208,0.087045898247961,-0.463233423139135,0.505772953459365,0.930800814265496
"429","race_dichotomized","sRAGE","race_dichotomized",-0.048098352605651,0.250381734456806,-0.192100085535387,-0.544559079965901,0.448362374754599,0.848034835178862
"430","race_dichotomized","GM_CSF","race_dichotomized",-0.490273903485668,0.18090216837447,-2.7101604579487,-0.848969486001211,-0.131578320970125,0.0078563908347733
"431","social_health_num","IL_10","social_health_num",0.114233113253391,0.0458964180625698,2.48893308182915,0.0232289945064444,0.205237232000337,0.01438332398049
"432","social_health_num","IFN_gamma","social_health_num",0.114356196838753,0.0480907140880365,2.37792677874171,0.0190011944172836,0.209711199260223,0.0192189218465546
"433","social_health_num","IL_12p70","social_health_num",0.091337463538254,0.046078961128204,1.98219450486587,-2.86043873572311e-05,0.182703531463865,0.0500704664483883
"434","social_health_num","IFN_alpha2","social_health_num",0.123340692336902,0.0406350257211606,3.03532950079253,0.0427689426859299,0.203912441987874,0.00302960902799218
"435","social_health_num","CX3CL1","social_health_num",0.0497838439575803,0.0531059321390034,0.93744412257509,-0.055515409416759,0.15508309733192,0.350681434924051
"436","social_health_num","IFN_lambda1","social_health_num",0.151361287950155,0.046349840667133,3.26562693143164,0.0594581159373969,0.243264459962913,0.00147548326564434
"437","social_health_num","IFN_lambda2_3","social_health_num",0.11272626575321,0.0463980069700239,2.42954973962649,0.0207275888593971,0.204724942647022,0.0168147374037309
"438","social_health_num","sTREM_1","social_health_num",0.0735994832989093,0.053690710177365,1.37080480134788,-0.0328592769016733,0.180058243499492,0.173358938139525
"439","social_health_num","sRAGE","social_health_num",0.0659839337860909,0.055138915875617,1.19668536709967,-0.0433463507925829,0.175314218364765,0.234124232431973
"440","social_health_num","GM_CSF","social_health_num",0.0880659037662495,0.0405806757120005,2.17014384854628,0.00760192014357118,0.168529887388928,0.0322500085203921
"441","social_health_d","IL_10","social_health_dPoor",-0.41051195673585,0.192687762630849,-2.13045162355384,-0.792576195553692,-0.0284477179180072,0.0354695148384243
"442","social_health_d","IFN_gamma","social_health_dPoor",-0.4615932532065,0.200723453359611,-2.29964782630319,-0.859590782336824,-0.0635957240761754,0.0234466871743652
"443","social_health_d","IL_12p70","social_health_dPoor",-0.334683383410203,0.192820998071066,-1.73572062564915,-0.717011803493917,0.0476450366735112,0.0855468323452764
"444","social_health_d","IFN_alpha2","social_health_dPoor",-0.308513013065339,0.174010701052628,-1.77295425625596,-0.653544088916273,0.0365180627855948,0.0791360299010135
"445","social_health_d","CX3CL1","social_health_dPoor",-0.0985292248169117,0.222005170080523,-0.443815001160444,-0.538724466914039,0.341666017280216,0.658089591586803
"446","social_health_d","IFN_lambda1","social_health_dPoor",-0.364840502175752,0.199556387201923,-1.82825770345594,-0.760523954703083,0.0308429503515799,0.0703499391638539
"447","social_health_d","IFN_lambda2_3","social_health_dPoor",-0.423424068769393,0.194353509795452,-2.17862836238474,-0.80879117650749,-0.0380569610312953,0.0315957425321087
"448","social_health_d","sTREM_1","social_health_dPoor",-0.226115971927673,0.224637748067263,-1.00658047845088,-0.671531129866367,0.21929918601102,0.316450461499959
"449","social_health_d","sRAGE","social_health_dPoor",-0.202584022295248,0.230475624765378,-0.878982419513895,-0.659574611317496,0.254406566726999,0.381417919663119
"450","social_health_d","GM_CSF","social_health_dPoor",-0.311542892390636,0.170152884826614,-1.83095862704943,-0.648924631305135,0.0258388465238627,0.0699425051533747
"451","social_function_num","IL_10","social_function_num",0.139061881747102,0.059777758900232,2.32631474156122,0.0205336283664842,0.25759013512772,0.0219224425574536
"452","social_function_num","IFN_gamma","social_function_num",0.132229795855773,0.0627604423301654,2.10689713052289,0.00778743221338739,0.256672159498158,0.0375086971554631
"453","social_function_num","IL_12p70","social_function_num",0.115563434691004,0.0598593323624147,1.93058342166819,-0.00312656379636596,0.234253433178374,0.0562317835624887
"454","social_function_num","IFN_alpha2","social_function_num",0.150516814219816,0.05300585140343,2.83962638528764,0.045416002456584,0.255617625983047,0.00542454064634119
"455","social_function_num","CX3CL1","social_function_num",0.034835427308996,0.0691280982939463,0.503925728737234,-0.102232821836646,0.171903676454638,0.615369278890705
"456","social_function_num","IFN_lambda1","social_function_num",0.168369433673277,0.0609607792537459,2.76193046962946,0.0474954694665009,0.289243397880052,0.00678464435968853
"457","social_function_num","IFN_lambda2_3","social_function_num",0.105293258349637,0.0610283449804616,1.72531728303213,-0.0157146762120552,0.22630119291133,0.0874122971873664
"458","social_function_num","sTREM_1","social_function_num",0.0627601330474544,0.0700362342668645,0.896109473966212,-0.0761087819759727,0.201629048070882,0.372244145772358
"459","social_function_num","sRAGE","social_function_num",0.0497859975978917,0.0718846756492374,0.692581515437635,-0.0927480352312192,0.192320030427003,0.490101134932789
"460","social_function_num","GM_CSF","social_function_num",0.121497651324114,0.0525141016737807,2.31361953173761,0.0173718884357153,0.225623414212512,0.022636826028643
"461","social_function_d","IL_10","social_function_dPoor",-0.289604881994326,0.196243822545402,-1.47574011878679,-0.678720130725275,0.0995103667366221,0.143006233335142
"462","social_function_d","IFN_gamma","social_function_dPoor",-0.22667899045,0.206058356839695,-1.10007181424992,-0.635254647684858,0.181896666784858,0.273816537942936
"463","social_function_d","IL_12p70","social_function_dPoor",-0.0396177389574468,0.196980738477146,-0.201124938731222,-0.43019415585336,0.350958677938466,0.840989977435798
"464","social_function_d","IFN_alpha2","social_function_dPoor",-0.229387474141135,0.176492347264779,-1.29970209868081,-0.579339196005678,0.120564247723409,0.196549263182471
"465","social_function_d","CX3CL1","social_function_dPoor",-0.185622363618085,0.223127837426921,-0.831910378187933,-0.628043647677042,0.256798920440871,0.407347536652317
"466","social_function_d","IFN_lambda1","social_function_dPoor",-0.314707293103191,0.201889062206078,-1.5588129919686,-0.715016009257561,0.0856014230511786,0.122049734051796
"467","social_function_d","IFN_lambda2_3","social_function_dPoor",-0.309842630591489,0.197874944492216,-1.56585075177963,-0.702192092832002,0.0825068316490238,0.120392484455807
"468","social_function_d","sTREM_1","social_function_dPoor",-0.26814222406844,0.225882949159766,-1.18708483781476,-0.716026385752294,0.179741937615415,0.237872880576591
"469","social_function_d","sRAGE","social_function_dPoor",-0.336149204987234,0.230717736459545,-1.45697166652888,-0.79361985677464,0.121321446800171,0.148108304833727
"470","social_function_d","GM_CSF","social_function_dPoor",-0.213156695414894,0.172883258307873,-1.23295163164557,-0.555952260571199,0.129638869741411,0.220347106548544
"471","isolation_score","IL_10","isolation_score",0.122155571528092,0.0919818487768155,1.32803996823863,-0.0602274431384837,0.304538586194668,0.187044548467063
"472","isolation_score","IFN_gamma","isolation_score",0.138272032311656,0.0960054926233615,1.44025126618651,-0.0520891248301629,0.328633189453475,0.152771428266825
"473","isolation_score","IL_12p70","isolation_score",0.0876588128834393,0.0917685902405666,0.955215860390208,-0.0943013495001954,0.269618975267074,0.341662573322381
"474","isolation_score","IFN_alpha2","isolation_score",0.131052717047726,0.0822370534415007,1.5935969439974,-0.0320081685879811,0.294113602683433,0.114032265662955
"475","isolation_score","CX3CL1","isolation_score",0.112233708300326,0.104149553836187,1.07762063461985,-0.0942756178050046,0.318743034405656,0.283672631123027
"476","isolation_score","IFN_lambda1","isolation_score",0.198239392454292,0.0935519991631557,2.11902892752255,0.0127430596195253,0.383735725289059,0.0364461105889136
"477","isolation_score","IFN_lambda2_3","isolation_score",0.193656475439159,0.0917146297008686,2.11151128310476,0.0118033068378196,0.375509644040498,0.0371014472446203
"478","isolation_score","sTREM_1","isolation_score",0.140144597073568,0.105493172437939,1.32847078000251,-0.0690288765174717,0.349318070664608,0.186902755872106
"479","isolation_score","sRAGE","isolation_score",0.140479520753764,0.108151171425166,1.29891816151956,-0.0739642738268828,0.35492331533441,0.196817210936825
"480","isolation_score","GM_CSF","isolation_score",0.0614561006049978,0.0812380325477774,0.756494202008824,-0.0996239111437945,0.22253611235379,0.45104697722528
