"","exposure","outcome","term","estimate","std.error","statistic","p.value"
"1","social_relationships_ordinal","IFN_alpha2","social_relationships_ordinal.L",-0.689932368216128,0.230527766198447,-2.99283847492023,0.00345993405463936
"2","race_f","beta_NGF","race_fOther",1.11871850103784,0.392134561345319,2.85289441767078,0.0052462366473264
"3","social_relationships_nominal","IFN_alpha2","social_relationships_nominalFair",-0.953480650099997,0.336855929017878,-2.8305295171141,0.00558846076613339
"4","social_relationships_ordinal","IFN_lambda1","social_relationships_ordinal.L",-0.726379976205298,0.264337199332196,-2.74792945540913,0.00708193668947132
"5","race_dichotomized","GM_CSF","race_dichotomized",-0.490273903485668,0.18090216837447,-2.7101604579487,0.0078563908347733
"6","isolation_cat_d","IFN_lambda1","isolation_cat_dHigh",-0.617721191936585,0.23180204999979,-2.66486509475281,0.00891788684754179
"7","social_relationships_nominal","IFN_lambda1","social_relationships_nominalFair",-1.01350369028181,0.38625955703045,-2.62389285089435,0.010014134160605
"8","social_relationships_nominal","IFN_lambda1","social_relationships_nominalGood",-0.711622264073708,0.27266499899336,-2.6098775666144,0.0104066274959091
"9","social_relationships_ordinal","IL_10","social_relationships_ordinal.L",-0.645783027406517,0.259273615623812,-2.49073946785046,0.014345647931586
"10","social_relationships_ordinal","IL_12p70","social_relationships_ordinal.L",-0.640909135820264,0.258721327031098,-2.47721802904647,0.0148681127289546
"11","social_activities_ordinal","GM_CSF","social_activities_ordinal.L",-0.661658610415692,0.269801187031872,-2.45239325184114,0.0158717860383948
"12","social_relationships_nominal","IL_12p70","social_relationships_nominalFair",-0.900315299090908,0.378053431094176,-2.38144988258719,0.0190811896141052
"13","race_f","GM_CSF","race_fBlack",-0.492335660460634,0.207648076005727,-2.37100997963042,0.0196176992230558
"14","isolation_cat_nominal","IFN_lambda1","isolation_cat_nominalSomewhat Isolated",-0.6040746598,0.255307692799112,-2.36606524925716,0.0198488275730755
"15","social_relationships_d","IFN_alpha2","social_relationships_dHigh",0.69265885017732,0.295712827041674,2.34233616818964,0.0210493326781827
"16","isolation_cat_d","sTREM_1","isolation_cat_dHigh",-0.608252518545854,0.260012148404982,-2.33932345960416,0.0212111294636817
"17","isolation_cat_nominal","IFN_lambda2_3","isolation_cat_nominalVery Isolated",-0.693726387767619,0.298263411048296,-2.32588497975465,0.0219841404018018
"18","isolation_cat_d","IFN_lambda2_3","isolation_cat_dHigh",-0.52366977879317,0.229144760689853,-2.28532294265265,0.0243033957370478
"19","social_relationships_d","IL_12p70","social_relationships_dHigh",0.740027167634021,0.328073070792526,2.25567787641435,0.0261641713630167
"20","social_relationships_nominal","IL_10","social_relationships_nominalFair",-0.849189264036363,0.378860456165613,-2.24143018944461,0.0271434065109541
"21","isolation_cat_d","sTREM_2","isolation_cat_dHigh",0.443658883539512,0.198230711920206,2.23809357915285,0.0273259607903564
"22","social_activities_nominal","GM_CSF","social_activities_nominalFair",-0.884352344205126,0.395367270807135,-2.23678693079409,0.0274555581174802
"23","social_activities_ordinal","IFN_alpha2","social_activities_ordinal.L",-0.621202421829569,0.277772747352256,-2.2363692181861,0.0274837930592527
"24","social_relationships_ordinal","IFN_gamma","social_relationships_ordinal.L",-0.603396403737621,0.272869180189377,-2.21130287897978,0.0292253181638409
"25","social_relationships_nominal","TNF","social_relationships_nominalGood",-0.613758763785012,0.278025025732402,-2.20756661084083,0.029492986200223
"26","isolation_cat_nominal","IFN_lambda1","isolation_cat_nominalMost Isolated",-0.712882686650001,0.327682369090697,-2.17552957953831,0.0318772871646482
"27","social_relationships_d","GM_CSF","social_relationships_dHigh",0.623986374067012,0.290589963179079,2.14730876194259,0.0340696953756612
"28","social_relationships_ordinal","IL_1beta","social_relationships_ordinal.C",0.391400729293588,0.182542969348749,2.14415669192833,0.0343729040042513
"29","race_f","IL_12p70","race_fUnknown",-1.08705490146622,0.508355378529374,-2.13837592239305,0.0348741438959791
"30","isolation_cat_d","CX3CL1","isolation_cat_dHigh",-0.547207059880976,0.257071563961087,-2.12861761701425,0.0356247724516536
"31","race_dichotomized","beta_NGF","race_dichotomized",0.383490511019655,0.180465260201683,2.12501015758422,0.0359318780195858
"32","race_f","IFN_lambda1","race_fUnknown",-1.12256723704054,0.52833005497931,-2.12474612500419,0.0360239795414577
"33","social_activities_nominal","IFN_alpha2","social_activities_nominalFair",-0.86465120280769,0.407048813363033,-2.1241953653272,0.0360474820307962
"34","social_relationships_ordinal","GM_CSF","social_relationships_ordinal.L",-0.488299477672442,0.230151306877654,-2.12164547009076,0.0362663980928554
"35","social_activities_ordinal","IL_10","social_activities_ordinal.L",-0.64429449038921,0.308734664537752,-2.08688742922298,0.0393670421442795
"36","social_relationships_nominal","GM_CSF","social_relationships_nominalFair",-0.701615081590908,0.336305832357791,-2.08624119502177,0.0394267891393268
"37","social_activities_nominal","IFN_lambda1","social_activities_nominalFair",-0.969127142346151,0.466500326287655,-2.07744151018785,0.040248160444847
"38","isolation_cat_nominal","sTREM_1","isolation_cat_nominalSomewhat Isolated",-0.59425804388,0.286562577551925,-2.07374615679649,0.040597453768872
"39","isolation_cat_ordinal","IFN_lambda1","isolation_cat_ordinal.L",-0.471594152369361,0.227985208370034,-2.06852960216583,0.0410949706778509
"40","social_activities_d","IL_10","social_activities_dHigh",0.862405084768976,0.419340392485904,2.05657527922966,0.0422064749763326
"41","race_f","IL_10","race_fUnknown",-1.04707496241216,0.514862448939311,-2.03369844619526,0.0445784163521047
"42","social_activities_ordinal","IFN_lambda1","social_activities_ordinal.L",-0.643583471706432,0.318342844935595,-2.0216677771936,0.0458040379477233
"43","social_relationships_ordinal","sRAGE","social_relationships_ordinal.C",0.416585308208856,0.207455971045019,2.00806612656358,0.0472543861873633
"44","race_f","GM_CSF","race_fUnknown",-0.894688490993243,0.446501855502231,-2.00377328776582,0.0477460503330811
"45","race_dichotomized","IFN_lambda1","race_dichotomized",-0.429772060343571,0.215403158308418,-1.99519850924477,0.0486118431092889
"46","social_relationships_d","IL_10","social_relationships_dHigh",0.661645100946392,0.331835187357112,1.99389674800927,0.0487562093446019
"47","social_relationships_nominal","IFN_gamma","social_relationships_nominalFair",-0.792065374054544,0.398726811562965,-1.98648636380818,0.049635795793707
"48","social_relationships_nominal","sRAGE","social_relationships_nominalVery good",0.622809765002394,0.314257692680776,1.98184413463204,0.050161222521059
"49","isolation_cat_nominal","CX3CL1","isolation_cat_nominalSomewhat Isolated",-0.557961056742222,0.283374273858579,-1.9689898068188,0.0516408714462049
"50","race_dichotomized","IL_12p70","race_dichotomized",-0.408683066655611,0.207928123202015,-1.96550163759498,0.0519972619745695
"51","isolation_cat_ordinal","IFN_lambda2_3","isolation_cat_ordinal.L",-0.441080751235923,0.224448261055062,-1.96517785062151,0.0520867237434463
"52","isolation_cat_d","IFN_gamma","isolation_cat_dHigh",-0.468845577732195,0.238721893643755,-1.96398231672816,0.0521757143773823
"53","isolation_cat_nominal","sTREM_2","isolation_cat_nominalSomewhat Isolated",0.427835465875556,0.218488618948626,1.95815904706759,0.0529162005984887
"54","isolation_cat_d","TGF_beta1","isolation_cat_dHigh",-0.568738899607561,0.291519607774221,-1.9509456120291,0.0537284073504922
"55","race_f","VILIP_1","race_fOther",0.916317540981082,0.473067439890049,1.93697021548144,0.055515453258809
"56","isolation_cat_nominal","sTREM_1","isolation_cat_nominalVery Isolated",-0.656743055251429,0.340052506416019,-1.93129896960081,0.0561946722901904
"57","social_relationships_nominal","IFN_alpha2","social_relationships_nominalGood",-0.451344423959459,0.237790418061621,-1.89807658205343,0.0604855414946622
"58","social_activities_d","GM_CSF","social_activities_dHigh",0.7004857600033,0.369359136532706,1.89648959703282,0.0606437382990233
"59","isolation_cat_nominal","IFN_lambda1","isolation_cat_nominalVery Isolated",-0.574459764828572,0.30296356762738,-1.89613480369069,0.0607446350236731
"60","race_f","IFN_lambda2_3","race_fUnknown",-0.99291956977027,0.524959884632317,-1.89141989480913,0.0614052379721529
"61","social_activities_nominal","IL_10","social_activities_nominalFair",-0.847472592448715,0.452420476961904,-1.87319680607665,0.0638765110740678
"62","isolation_cat_nominal","TGF_beta1","isolation_cat_nominalMost Isolated",-0.765523737328751,0.411531491819997,-1.86018264104947,0.0657128222757632
"63","social_relationships_ordinal","TNF","social_relationships_ordinal.C",0.339524854514105,0.182634405167108,1.85904103995873,0.0658759888495324
"64","social_relationships_nominal","IFN_lambda1","social_relationships_nominalVery good",-0.503663326339712,0.271323915526913,-1.85631747707015,0.0662666304587528
"65","race_dichotomized","IL_10","race_dichotomized",-0.386618837374283,0.209694419893305,-1.84372496688753,0.0680432029853751
"66","isolation_cat_nominal","IFN_gamma","isolation_cat_nominalSomewhat Isolated",-0.483000286697778,0.262853105413197,-1.83752931485636,0.0690144923400231
"67","social_activities_nominal","GM_CSF","social_activities_nominalGood",-0.463825961856645,0.252877756078932,-1.83419043670994,0.0695126254528413
"68","social_activities_nominal","IFN_lambda1","social_activities_nominalVery good",-0.452055676204645,0.246619946225506,-1.83300533117176,0.0696901521817433
"69","social_relationships_ordinal","IL_18","social_relationships_ordinal.C",0.34203890284889,0.186785337895967,1.83118710869798,0.0699632527638111
"70","social_relationships_ordinal","sTREM_2","social_relationships_ordinal.Q",0.352566710393024,0.194404433480754,1.81357340509381,0.0726552800521487
"71","isolation_cat_nominal","IL_18","isolation_cat_nominalSomewhat Isolated",-0.478173888395556,0.263936982823535,-1.81169718347223,0.0729470400310695
"72","social_relationships_ordinal","sTREM_2","social_relationships_ordinal.C",0.278795454778634,0.154220945149906,1.8077664775536,0.0735614346986673
"73","isolation_cat_nominal","IL_6","isolation_cat_nominalSomewhat Isolated",-0.488542497533334,0.27450077916121,-1.77974903760262,0.0780661848233315
"74","isolation_cat_ordinal","TGF_beta1","isolation_cat_ordinal.L",-0.508926568469473,0.286323286705256,-1.77745433955348,0.0784450212398964
"75","social_activities_d","IFN_alpha2","social_activities_dHigh",0.671007759960395,0.378149740088195,1.77444987745832,0.0788870283110794
"76","race_f","VILIP_1","race_fBlack",0.432929867537603,0.244408588696959,1.77133655509296,0.079491450105192
"77","isolation_cat_nominal","IFN_lambda2_3","isolation_cat_nominalMost Isolated",-0.569011716345,0.322598726674571,-1.76383745283348,0.0807244092231393
"78","isolation_cat_d","sRAGE","isolation_cat_dHigh",-0.473801848888781,0.269382666610915,-1.7588431165585,0.0815174143253977
"79","isolation_cat_nominal","sTREM_2","isolation_cat_nominalVery Isolated",0.455479408986667,0.259271825133524,1.75676400145714,0.0819298348682022
"80","race_f","IL_12p70","race_fBlack",-0.414136521324912,0.236413387711577,-1.75174733264326,0.0828228846523772
"81","social_relationships_nominal","TGF_beta1","social_relationships_nominalVery good",0.600140190526317,0.343288718309428,1.74820831130656,0.0834076110735261
"82","race_dichotomized","VILIP_1","race_dichotomized",0.373466909308353,0.216008399215653,1.7289462385002,0.0867578286584538
"83","social_activities_ordinal","IFN_gamma","social_activities_ordinal.L",-0.559143304234969,0.327134290753882,-1.7092164289669,0.0904222635073733
"84","isolation_cat_nominal","IFN_lambda2_3","isolation_cat_nominalSomewhat Isolated",-0.428188450142222,0.251346866283244,-1.70357584510202,0.0914757846323836
"85","isolation_cat_d","IL_10","isolation_cat_dHigh",-0.390205400127317,0.229402887404769,-1.70096115415854,0.0919100826498739
"86","race_f","beta_NGF","race_fBlack",0.342722552968272,0.20259490853986,1.69166419550392,0.0937631068850358
"87","isolation_cat_nominal","sTREM_2","isolation_cat_nominalMost Isolated",0.47264780607,0.280425816752707,1.68546466777987,0.0949263430498743
"88","social_relationships_d","IFN_gamma","social_relationships_dHigh",0.58179861026495,0.348768587661508,1.66815083366856,0.0982653787751057
"89","social_relationships_ordinal","TGF_beta1","social_relationships_ordinal.C",0.37764728204012,0.22662068762156,1.66642898317723,0.0986663231437929
"90","isolation_cat_ordinal","sTREM_2","isolation_cat_ordinal.L",0.323243160732855,0.195106433227134,1.65675295983988,0.100612658302954
"91","race_f","IFN_beta","race_fUnknown",0.752894404695946,0.456996128583249,1.64748530152766,0.10253569386534
"92","isolation_cat_nominal","TGF_beta1","isolation_cat_nominalSomewhat Isolated",-0.527582431982223,0.320637195044385,-1.64541868546845,0.102931908627328
"93","isolation_cat_nominal","IL_10","isolation_cat_nominalSomewhat Isolated",-0.413932275964445,0.252306183951736,-1.64059504797404,0.103931932994901
"94","isolation_cat_nominal","CX3CL1","isolation_cat_nominalVery Isolated",-0.544550446796191,0.336269072195822,-1.61938903045796,0.108421564664926
"95","isolation_cat_nominal","IFN_gamma","isolation_cat_nominalMost Isolated",-0.545900139907501,0.337366756795754,-1.61812072147344,0.108694945292753
"96","race_f","IFN_gamma","race_fUnknown",-0.882128757114865,0.54649943482329,-1.61414395131095,0.109585673746264
"97","social_relationships_nominal","sTREM_2","social_relationships_nominalGood",-0.378472963233416,0.234771111196414,-1.6120934185841,0.110001685051955
"98","social_activities_nominal","IFN_gamma","social_activities_nominalFair",-0.770865076141023,0.479383330909923,-1.60803479478069,0.110888682882071
"99","isolation_cat_d","IL_6","isolation_cat_dHigh",-0.40181288445122,0.25016166631189,-1.60621285577087,0.11123047904259
"100","race_f","IFN_alpha2","race_fUnknown",-0.749340720371622,0.468762383164113,-1.59855130719667,0.113013595289787
"101","isolation_cat_ordinal","IFN_alpha2","isolation_cat_ordinal.L",-0.322227378605958,0.202595147927066,-1.59049899221654,0.114787113699825
"102","isolation_cat_nominal","sTREM_1","isolation_cat_nominalMost Isolated",-0.583968149117501,0.367797394882407,-1.58774411467544,0.115409384791799
"103","social_relationships_ordinal","IFN_lambda2_3","social_relationships_ordinal.L",-0.421976639634185,0.265806110469426,-1.58753551183964,0.115456613353321
"104","isolation_cat_ordinal","sTREM_1","isolation_cat_ordinal.L",-0.405709816736575,0.255895262057912,-1.58545263196298,0.115929032174915
"105","social_relationships_d","IFN_lambda1","social_relationships_dHigh",0.544748740058765,0.344110176918975,1.58306489199543,0.116414179293891
"106","race_f","IL_18","race_fOther",0.777090537494595,0.491187735507796,1.58206421154068,0.11673086669658
"107","race_dichotomized","TNF","race_dichotomized",-0.34801158528665,0.220282048617657,-1.57984541850114,0.117150151168605
"108","isolation_cat_nominal","sRAGE","isolation_cat_nominalSomewhat Isolated",-0.468453980284445,0.296685685518422,-1.57895713595308,0.11741218310423
"109","isolation_cat_nominal","IFN_alpha2","isolation_cat_nominalMost Isolated",-0.457044591565,0.291189321068896,-1.56957882207797,0.119580197774633
"110","race_dichotomized","IL_6","race_dichotomized",-0.358976637045045,0.229343985800013,-1.56523239880409,0.1205373742975
"111","race_f","IL_8","race_fUnknown",-0.966657871459459,0.620556896882716,-1.55772641689317,0.122395560679312
"112","social_relationships_d","IL_18","social_relationships_dHigh",-0.54426955024433,0.350267957256244,-1.55386623003646,0.123225383335367
"113","social_relationships_nominal","IL_10","social_relationships_nominalGood",-0.415057714230958,0.267441889834916,-1.55195476104047,0.123740388691065
"114","social_relationships_nominal","IFN_gamma","social_relationships_nominalGood",-0.43523082708968,0.281465775265907,-1.54630106157136,0.125098973782274
"115","isolation_cat_ordinal","IL_18","isolation_cat_ordinal.Q",0.339517392520695,0.219630240748044,1.54585903728159,0.12520568764964
"116","social_activities_d","IFN_gamma","social_activities_dHigh",0.682574204120461,0.442070565370682,1.54403902360727,0.125587516220548
"117","isolation_cat_d","IL_18","isolation_cat_dHigh",-0.370669082232683,0.240995013206905,-1.53807781040866,0.127037742745352
"118","isolation_cat_d","IFN_alpha2","isolation_cat_dHigh",-0.316489352159512,0.206361393213887,-1.53366551383709,0.128119642136579
"119","isolation_cat_nominal","TNF","isolation_cat_nominalVery Isolated",-0.476469930834286,0.313563771146272,-1.51953119166953,0.131692615474042
"120","isolation_cat_nominal","sRAGE","isolation_cat_nominalMost Isolated",-0.57825029134,0.380790203538717,-1.51855348684465,0.131938509463211
"121","race_f","IL_1beta","race_fBlack",-0.378579603458872,0.249545202904088,-1.51707826499224,0.132340187856578
"122","social_activities_ordinal","IL_12p70","social_activities_ordinal.L",-0.471468525505621,0.312184225881801,-1.51022532984779,0.13404770915339
"123","social_activities_ordinal","IFN_lambda2_3","social_activities_ordinal.L",-0.478437383270009,0.317091516886981,-1.50883059870862,0.134403513229891
"124","social_relationships_d","sTREM_2","social_relationships_dHigh",-0.438292355845362,0.291854884171762,-1.5017475451513,0.136163723121653
"125","social_activities_nominal","IFN_alpha2","social_activities_nominalGood",-0.390904477853149,0.2603492958021,-1.50146162926551,0.136295692140588
"126","isolation_cat_nominal","IL_10","isolation_cat_nominalMost Isolated",-0.4852267492325,0.323829991909376,-1.49839965832532,0.137088044100167
"127","social_relationships_nominal","IL_18","social_relationships_nominalFair",0.600114322190909,0.402804137521201,1.48984150432001,0.139321778116012
"128","social_relationships_ordinal","TNF","social_relationships_ordinal.L",-0.397936569055899,0.269533518851661,-1.47638991525542,0.142890064166466
"129","social_activities_nominal","IL_12p70","social_activities_nominalFair",-0.675158507666665,0.457475471971682,-1.4758354251361,0.143038666334286
"130","social_activities_d","IFN_lambda1","social_activities_dHigh",0.639800156549508,0.436076063990243,1.46717559018287,0.145317213208191
"131","isolation_cat_ordinal","IFN_gamma","isolation_cat_ordinal.L",-0.343125962434486,0.234723127028889,-1.46183278476968,0.146831364050598
"132","race_f","IL_10","race_fBlack",-0.348259497249118,0.239439535608627,-1.45447783451419,0.148884261385183
"133","isolation_cat_d","IL_1beta","isolation_cat_dHigh",-0.341622706946341,0.236933004099571,-1.44185360855331,0.1523197023523
"134","social_activities_ordinal","IL_10","social_activities_ordinal.Q",-0.373794731611118,0.25926220219561,-1.44176331314618,0.15240278821178
"135","race_f","TNF","race_fBlack",-0.365185939091657,0.25352530552822,-1.44043190611995,0.152807760800628
"136","isolation_cat_ordinal","TNF","isolation_cat_ordinal.L",-0.339278455670105,0.235962040789012,-1.43785184487989,0.153507408528263
"137","social_activities_nominal","IFN_lambda2_3","social_activities_nominalFair",-0.667582497384614,0.464666627329887,-1.43669129246648,0.153836340393533
"138","isolation_cat_nominal","CX3CL1","isolation_cat_nominalMost Isolated",-0.520448248382501,0.363705270214475,-1.43096152573097,0.155468283210451
"139","social_activities_nominal","IFN_lambda1","social_activities_nominalGood",-0.422867033027975,0.298374611233963,-1.41723530456951,0.15943196795831
"140","isolation_cat_ordinal","sRAGE","isolation_cat_ordinal.L",-0.373865801981245,0.264935016613644,-1.4111603923103,0.161210772957428
"141","social_relationships_ordinal","MCP_1","social_relationships_ordinal.C",0.257504737621064,0.182539068001905,1.41068287703965,0.161351237180752
"142","social_relationships_ordinal","IP_10","social_relationships_ordinal.L",-0.348214923839762,0.247550513615984,-1.40664189604525,0.162543675166892
"143","isolation_cat_ordinal","sTREM_1","isolation_cat_ordinal.Q",0.333516475006965,0.238457707683916,1.39863994435882,0.164924829209922
"144","isolation_cat_nominal","IL_12p70","isolation_cat_nominalSomewhat Isolated",-0.349475769244445,0.252043951980808,-1.386566773366,0.168567765227535
"145","social_activities_d","IL_12p70","social_activities_dHigh",0.583232092587458,0.421178071844775,1.38476367022832,0.169060187219447
"146","race_dichotomized","IL_1beta","race_dichotomized",-0.299557773067567,0.217265533479903,-1.37876343417018,0.170897966800223
"147","social_relationships_nominal","IL_8","social_relationships_nominalGood",-0.448007582052826,0.325091285655749,-1.37809778920755,0.171159524587657
"148","isolation_cat_nominal","IL_1beta","isolation_cat_nominalSomewhat Isolated",-0.357582447333334,0.261121475583198,-1.36941033492054,0.173849484343588
"149","race_f","IL_6","race_fBlack",-0.360084569291422,0.263000845632285,-1.36913844678231,0.173963311161088
"150","isolation_cat_ordinal","CX3CL1","isolation_cat_ordinal.L",-0.346128595100283,0.253048163821643,-1.3678368175959,0.174340113274583
"151","social_relationships_ordinal","IL_6","social_relationships_ordinal.C",0.265752815033844,0.194569559790206,1.36584990643136,0.17496113781816
"152","race_dichotomized","IL_8","race_dichotomized",-0.341626831201884,0.250922709894589,-1.36148231200516,0.176275698882038
"153","social_activities_d","IFN_lambda2_3","social_activities_dHigh",0.581060721158417,0.428069207533334,1.35739901617,0.177564880002994
"154","isolation_cat_nominal","VEGF","isolation_cat_nominalMost Isolated",-0.507332733250001,0.373978149891572,-1.35658388971947,0.177879440854152
"155","social_relationships_nominal","IP_10","social_relationships_nominalFair",-0.490526242172727,0.361730214186784,-1.35605548813635,0.178046960837711
"156","isolation_cat_ordinal","IL_6","isolation_cat_ordinal.C",-0.283843434312693,0.210395153033777,-1.34909683146135,0.180264203263269
"157","race_f","CX3CL1","race_fBlack",0.37035884477967,0.274514318805984,1.34914217367811,0.180278619758891
"158","social_relationships_ordinal","sTREM_1","social_relationships_ordinal.C",0.276181250519338,0.20483236802578,1.34832816307908,0.180510395624867
"159","isolation_cat_nominal","TGF_beta1","isolation_cat_nominalVery Isolated",-0.507000025302857,0.380487510813544,-1.33250109634035,0.185636031341556
"160","race_f","IFN_beta","race_fBlack",-0.282515348206228,0.212528493830421,-1.32930574679389,0.186712694597292
"161","social_relationships_nominal","IFN_lambda2_3","social_relationships_nominalFair",-0.514034348836363,0.388405985783636,-1.32344600148029,0.188617243542161
"162","isolation_cat_d","VEGF","isolation_cat_dHigh",-0.35041112445122,0.264869097692,-1.32295963366286,0.188722715830899
"163","isolation_cat_ordinal","IFN_lambda2_3","isolation_cat_ordinal.Q",0.276451560782421,0.20915360993561,1.32176327660579,0.189175173565277
"164","isolation_cat_d","IL_12p70","isolation_cat_dHigh",-0.301015064041464,0.229201243204716,-1.31332212614835,0.191937142160939
"165","social_activities_nominal","BDNF","social_activities_nominalVery good",0.315105050189405,0.240908816327027,1.30798471800907,0.193790146771737
"166","isolation_cat_ordinal","IL_10","isolation_cat_ordinal.L",-0.292637089144435,0.225304914593959,-1.29884911597166,0.196895926549616
"167","social_relationships_nominal","IFN_lambda2_3","social_relationships_nominalGood",-0.352420805852579,0.274180187376856,-1.2853620432033,0.201548421235794
"168","social_relationships_ordinal","GM_CSF","social_relationships_ordinal.Q",-0.249881769690321,0.196583047416929,-1.27112573018746,0.20654709146199
"169","race_f","IL_6","race_fUnknown",-0.713347785628378,0.56552590244194,-1.26138835117568,0.210046168876386
"170","social_activities_ordinal","IL_6","social_activities_ordinal.Q",-0.361344586232716,0.288172158795327,-1.25391914244345,0.212709855546448
"171","social_relationships_nominal","sTREM_1","social_relationships_nominalVery good",0.387902635456939,0.310283415983976,1.25015587515954,0.214075494873917
"172","race_f","IFN_lambda1","race_fAsian",-1.29486349204054,1.03614048459887,-1.24969877278932,0.214269500703046
"173","race_f","TNF","race_fUnknown",-0.674346993885135,0.545150822066842,-1.23699161147454,0.218930600230993
"174","isolation_cat_ordinal","VEGF","isolation_cat_ordinal.L",-0.32169343058163,0.260195526129363,-1.23635265896805,0.219139415158502
"175","isolation_cat_ordinal","CX3CL1","isolation_cat_ordinal.Q",0.291031627577957,0.235804620192136,1.23420663827885,0.219934491023363
"176","social_activities_ordinal","beta_NGF","social_activities_ordinal.L",0.33509573477299,0.271539406020788,1.23405932009491,0.219989147642683
"177","race_f","IFN_lambda1","race_fBlack",-0.302763341736193,0.245702717828695,-1.23223440266249,0.220694463705077
"178","social_activities_ordinal","BDNF","social_activities_ordinal.Q",-0.321144812655308,0.261139999706159,-1.22978024437722,0.221581047768904
"179","isolation_cat_nominal","IFN_alpha2","isolation_cat_nominalVery Isolated",-0.330081857582857,0.269223381809748,-1.22605196979554,0.222974851905051
"180","isolation_cat_ordinal","IL_8","isolation_cat_ordinal.Q",-0.308008995351965,0.251559942061177,-1.22439603391648,0.223595956025304
"181","race_dichotomized","IFN_alpha2","race_dichotomized",-0.232014627076167,0.189834794420862,-1.22219231613459,0.224371468838646
"182","isolation_cat_nominal","IFN_gamma","isolation_cat_nominalVery Isolated",-0.379805820672381,0.311917411123912,-1.21764866957523,0.226139719656224
"183","isolation_cat_nominal","BDNF","isolation_cat_nominalVery Isolated",0.363072804380952,0.298742242718454,1.21533801539786,0.227015637230172
"184","social_relationships_nominal","IL_1beta","social_relationships_nominalVery good",0.335701179394737,0.276519070883658,1.21402541358885,0.227514307275293
"185","social_relationships_ordinal","IL_18","social_relationships_ordinal.L",0.333285838613731,0.275659503185786,1.20904897078446,0.229412099682611
"186","social_relationships_ordinal","CX3CL1","social_relationships_ordinal.C",0.244066890981538,0.202728758925348,1.20390857358039,0.231384389070537
"187","isolation_cat_ordinal","IP_10","isolation_cat_ordinal.C",-0.217664648985433,0.181805648815302,-1.19723809685672,0.233961923080045
"188","isolation_cat_nominal","IL_6","isolation_cat_nominalMost Isolated",-0.4169807254375,0.352316315449075,-1.18354077615169,0.239319271900276
"189","isolation_cat_nominal","VEGF","isolation_cat_nominalSomewhat Isolated",-0.338887253977778,0.29137819917211,-1.16304944893151,0.247496884461219
"190","social_activities_ordinal","IFN_lambda1","social_activities_ordinal.C",-0.236283754006819,0.203934510540111,-1.15862564595385,0.249288074031204
"191","social_activities_nominal","beta_NGF","social_activities_nominalGood",0.294649273888112,0.254506944305739,1.15772587145658,0.249653513368638
"192","race_f","BDNF","race_fBlack",0.277655140846063,0.239923733235627,1.15726417350042,0.249867350481999
"193","isolation_cat_nominal","sRAGE","isolation_cat_nominalVery Isolated",-0.405681801649524,0.352065199301933,-1.15229168476152,0.251868657475927
"194","isolation_cat_nominal","IFN_alpha2","isolation_cat_nominalSomewhat Isolated",-0.260170986728889,0.226874805428616,-1.1467601536335,0.254137727622977
"195","race_f","sTREM_2","race_fOther",-0.472356282343243,0.413029582020961,-1.14363789642378,0.255450774270906
"196","isolation_cat_nominal","TNF","isolation_cat_nominalMost Isolated",-0.386255127807501,0.33914744335397,-1.13890030833688,0.257386652596951
"197","social_relationships_ordinal","IL_8","social_relationships_ordinal.Q",0.306261716765887,0.269194906031527,1.13769506741713,0.257887422099631
"198","isolation_cat_ordinal","sTREM_2","isolation_cat_ordinal.Q",-0.205333534396111,0.181811231859378,-1.12937760938184,0.261361962279003
"199","race_dichotomized","IFN_lambda2_3","race_dichotomized",-0.239890461830876,0.213829437200302,-1.12187762813107,0.264473487566397
"200","social_relationships_d","IFN_lambda2_3","social_relationships_dHigh",0.376711937292785,0.339318644585117,1.11020111421637,0.269448387793971
"201","social_activities_nominal","BDNF","social_activities_nominalGood",0.322401862493007,0.291464966700966,1.1061427592558,0.271241610090564
"202","social_relationships_nominal","MCP_1","social_relationships_nominalFair",0.434916301281818,0.393647021113529,1.10483828901219,0.271803877871152
"203","isolation_cat_ordinal","IFN_lambda1","isolation_cat_ordinal.Q",0.232825868989286,0.212449537895137,1.09591139287018,0.275673380439941
"204","social_relationships_ordinal","IL_12p70","social_relationships_ordinal.Q",-0.2417497535751,0.220986044309372,-1.09395936893037,0.276524572182503
"205","social_relationships_nominal","IL_6","social_relationships_nominalGood",-0.323887186490171,0.296193955448415,-1.0934969486458,0.276726479372157
"206","social_activities_ordinal","MCP_1","social_activities_ordinal.L",0.347893363998701,0.318945354052091,1.0907616605128,0.277922876882955
"207","social_relationships_nominal","IL_12p70","social_relationships_nominalGood",-0.291051342428747,0.266872201690542,-1.09060194574421,0.277992845342386
"208","social_relationships_ordinal","TGF_beta1","social_relationships_ordinal.Q",-0.309619658506402,0.285668502091365,-1.08384248259676,0.2809652149902
"209","isolation_cat_d","TNF","isolation_cat_dHigh",-0.262110580705366,0.241914565157757,-1.08348408263239,0.28107535857847
"210","race_f","IL_6","race_fAsian",-1.19896927537838,1.10908754307447,-1.08104115213011,0.282228137992001
"211","social_activities_ordinal","TGF_beta1","social_activities_ordinal.L",-0.432439430992548,0.401963497352659,-1.07581766464021,0.284522335314758
"212","isolation_cat_ordinal","IL_10","isolation_cat_ordinal.C",-0.207088728351808,0.193383779623876,-1.07086917400512,0.286731175118461
"213","social_activities_nominal","TGF_beta1","social_activities_nominalFair",-0.629219370487177,0.589038219811976,-1.06821484468024,0.287920806964668
"214","isolation_cat_nominal","IL_1beta","isolation_cat_nominalMost Isolated",-0.357612813175,0.335144244191996,-1.06704148847066,0.288447763266918
"215","social_relationships_ordinal","sRAGE","social_relationships_ordinal.Q",-0.277628426968764,0.261510266870719,-1.06163490363464,0.290884389557426
"216","social_relationships_d","IP_10","social_relationships_dHigh",0.332448081168043,0.313423046040606,1.0607008175301,0.291259642188794
"217","isolation_cat_nominal","IL_12p70","isolation_cat_nominalMost Isolated",-0.3430540342,0.323493422366396,-1.06046679926447,0.291412667860424
"218","social_relationships_nominal","VEGF","social_relationships_nominalVery good",0.331638150693781,0.314357027534027,1.05497291819851,0.293906063475269
"219","social_relationships_nominal","CX3CL1","social_relationships_nominalVery good",0.321855550736844,0.307096834566849,1.04805883522314,0.297064593503447
"220","social_relationships_d","MCP_1","social_relationships_dHigh",-0.357584621667011,0.341439273091326,-1.04728614968486,0.297372423399703
"221","isolation_cat_nominal","IL_18","isolation_cat_nominalVery Isolated",-0.326778759773333,0.313203605689796,-1.04334290486101,0.299232114893699
"222","social_activities_nominal","beta_NGF","social_activities_nominalFair",0.413525779615385,0.397914460852046,1.03923285102509,0.301129876666566
"223","isolation_cat_ordinal","IL_12p70","isolation_cat_ordinal.C",-0.200364733619423,0.193182788079071,-1.03717694320372,0.30208220970797
"224","social_activities_d","IL_6","social_activities_dHigh",0.470777896138615,0.463456340674857,1.01579772423244,0.312060676661635
"225","social_activities_nominal","IL_8","social_activities_nominalVery good",-0.29417668396952,0.290489847177674,-1.01269179225252,0.313580422713218
"226","social_activities_ordinal","VEGF","social_activities_ordinal.C",-0.234113340992221,0.23219096034996,-1.00827930871798,0.315683202971134
"227","social_activities_nominal","TGF_beta1","social_activities_nominalVery good",-0.312756091959507,0.311400798474943,-1.00435224794285,0.31756253811791
"228","social_activities_nominal","sTREM_1","social_activities_nominalVery good",-0.280600304492743,0.280586034869895,-1.00005085649703,0.319629535026994
"229","social_activities_nominal","VEGF","social_activities_nominalFair",-0.529520768602562,0.531136973714882,-0.996957084156623,0.321121730102108
"230","race_f","IL_1beta","race_fUnknown",-0.534035716567567,0.536592480275537,-0.995235185355827,0.321977046878147
"231","social_activities_ordinal","VILIP_1","social_activities_ordinal.C",-0.206039192851302,0.207878056907383,-0.991154121394829,0.323933060490122
"232","social_relationships_ordinal","IL_18","social_relationships_ordinal.Q",0.22989687860732,0.23545373659123,0.976399363780081,0.331154264828184
"233","social_relationships_nominal","IP_10","social_relationships_nominalGood",-0.247861870488943,0.255349457875892,-0.970677096990009,0.333983044258333
"234","social_relationships_nominal","TNF","social_relationships_nominalFair",-0.382047800536363,0.393852616504666,-0.970027326279898,0.334305252541565
"235","race_f","VEGF","race_fBlack",0.27165230573678,0.280060051540902,0.969978775059624,0.334351559593977
"236","isolation_cat_ordinal","IL_1beta","isolation_cat_ordinal.L",-0.225953845665838,0.23317681252781,-0.969023648691009,0.334803355640486
"237","social_activities_ordinal","IL_1beta","social_activities_ordinal.C",0.200099899688577,0.208101010194626,0.961551794013077,0.338526714832842
"238","social_activities_nominal","IFN_alpha2","social_activities_nominalVery good",-0.206756400279391,0.215190324220366,-0.960807141438486,0.338899260957558
"239","social_relationships_nominal","IFN_alpha2","social_relationships_nominalVery good",-0.226315023842105,0.236620862748987,-0.956445772417732,0.341086590776615
"240","social_activities_nominal","TGF_beta1","social_activities_nominalGood",-0.359025908199302,0.376750111274242,-0.952955015686677,0.342843881174561
"241","isolation_cat_nominal","IL_1beta","isolation_cat_nominalVery Isolated",-0.295240325180953,0.309862554314253,-0.952810596408913,0.342916709895595
"242","isolation_cat_ordinal","IFN_gamma","isolation_cat_ordinal.C",-0.191291934456355,0.201467622451936,-0.949492191987283,0.3445929001838
"243","social_activities_d","VEGF","social_activities_dHigh",0.461116155090759,0.48913809239053,0.942711602846505,0.34799244666032
"244","race_f","TGF_beta1","race_fUnknown",-0.625866220362162,0.67205946367987,-0.931266136682644,0.353914890638262
"245","race_f","BDNF","race_fOther",-0.430327391875676,0.464386733934991,-0.926657375048782,0.356291879328093
"246","social_activities_ordinal","TNF","social_activities_ordinal.L",-0.304241794917861,0.33057197963927,-0.920349617199433,0.359540609425002
"247","social_activities_d","MCP_1","social_activities_dHigh",-0.396848096856437,0.432499196081268,-0.917569559555592,0.360947097323346
"248","isolation_cat_ordinal","IFN_lambda1","isolation_cat_ordinal.C",-0.179271690223997,0.195684330154937,-0.916126958566666,0.361740275095259
"249","social_activities_nominal","IL_1beta","social_activities_nominalVery good",0.228668880100871,0.251658533946749,0.908647429970555,0.365657462550503
"250","social_activities_d","beta_NGF","social_activities_dHigh",-0.330121529549503,0.368570711059912,-0.895680312198876,0.372472310164963
"251","isolation_cat_nominal","IL_8","isolation_cat_nominalSomewhat Isolated",0.269887762653333,0.302307969434221,0.892757684021485,0.374068017845423
"252","isolation_cat_nominal","IL_10","isolation_cat_nominalVery Isolated",-0.266964876396191,0.299401795482183,-0.891660906596257,0.374652996342388
"253","social_activities_nominal","MCP_1","social_activities_nominalFair",0.413727084807691,0.467383244512168,0.8851987949194,0.378111275109799
"254","social_relationships_ordinal","MCP_1","social_relationships_ordinal.L",0.238332558855954,0.269392819394781,0.884702715504415,0.378377580156838
"255","isolation_cat_ordinal","IL_6","isolation_cat_ordinal.L",-0.216184604357577,0.245124291589787,-0.881938721599082,0.379863489985166
"256","isolation_cat_nominal","IL_8","isolation_cat_nominalVery Isolated",0.315263041358095,0.358736941836087,0.878813984822739,0.381547710135439
"257","race_f","VEGF","race_fOther",-0.474908407167567,0.542072978303559,-0.876096810163484,0.383035970791913
"258","race_dichotomized","IP_10","race_dichotomized",-0.173246127945946,0.197869436794635,-0.875557795849771,0.383269000564101
"259","social_activities_ordinal","VEGF","social_activities_ordinal.L",-0.316643697700349,0.362451311896011,-0.873617193007143,0.384359036367191
"260","social_relationships_ordinal","sTREM_1","social_relationships_ordinal.Q",-0.225017257841982,0.25820306331197,-0.871474005597326,0.385522178965658
"261","social_activities_nominal","sTREM_1","social_activities_nominalGood",-0.295078163888114,0.339468685940885,-0.869235296534828,0.386739490085823
"262","race_f","IL_18","race_fAsian",-0.911918682905405,1.07016218939638,-0.852131286211642,0.396137576009547
"263","social_relationships_ordinal","VEGF","social_relationships_ordinal.C",0.176712554614793,0.207521546554926,0.85153834649175,0.396445846341135
"264","social_activities_nominal","TNF","social_activities_nominalFair",-0.41221928402564,0.484420927991878,-0.850952674019384,0.396769604236665
"265","race_dichotomized","TGF_beta1","race_dichotomized",-0.229287797142465,0.270974445431715,-0.846160222884359,0.399387649168213
"266","race_f","IL_8","race_fBlack",-0.242902242959459,0.288593303928915,-0.841676642016924,0.401938000045283
"267","social_activities_ordinal","IL_8","social_activities_ordinal.Q",0.264786989295366,0.314884775755339,0.84090121111826,0.402351217146101
"268","isolation_cat_ordinal","IL_12p70","isolation_cat_ordinal.L",-0.188909135602438,0.225070746128929,-0.83933224931073,0.403226758088857
"269","race_f","MCP_1","race_fBlack",0.207077871082843,0.247725205581869,0.83591764752581,0.405155165079736
"270","isolation_cat_nominal","IP_10","isolation_cat_nominalSomewhat Isolated",-0.197878427777778,0.23720029447493,-0.834225051093654,0.406084780739542
"271","social_relationships_ordinal","IL_6","social_relationships_ordinal.L",-0.238509686090735,0.287147528767585,-0.830617233985611,0.408111117322852
"272","social_activities_ordinal","IFN_gamma","social_activities_ordinal.Q",-0.227687103484519,0.274713423455497,-0.828816810698744,0.40912461008311
"273","isolation_cat_d","beta_NGF","isolation_cat_dHigh",0.165084908229269,0.200509809161529,0.823325845850653,0.412188792132977
"274","social_activities_nominal","IFN_gamma","social_activities_nominalGood",-0.251730257807694,0.306614608676804,-0.820998904435887,0.413543053992907
"275","isolation_cat_nominal","beta_NGF","isolation_cat_nominalVery Isolated",0.215155824876191,0.262173870981039,0.820660823563731,0.41373477146984
"276","social_relationships_nominal","sTREM_2","social_relationships_nominalFair",0.272843415090909,0.332578753228542,0.820387389279241,0.41388986846808
"277","social_activities_nominal","MCP_1","social_activities_nominalGood",0.245079621944056,0.298939327627812,0.819830645532149,0.414205771735182
"278","social_relationships_ordinal","IL_10","social_relationships_ordinal.Q",-0.179767769729258,0.221457779951817,-0.811747366781924,0.418808607167877
"279","isolation_cat_d","IL_8","isolation_cat_dHigh",0.222824368302927,0.275414235653668,0.809051746268945,0.420314879780246
"280","race_f","beta_NGF","race_fAsian",-0.688735094162161,0.854352725793241,-0.806148413142466,0.422032800099455
"281","social_relationships_nominal","IFN_beta","social_relationships_nominalVery good",-0.194762105277512,0.242563993592621,-0.802930815876199,0.423863646806458
"282","race_f","MCP_1","race_fOther",-0.383407884143243,0.479486950215793,-0.799621103286943,0.425788611153562
"283","isolation_cat_ordinal","BDNF","isolation_cat_ordinal.C",-0.153941476567228,0.19295777414149,-0.797798778785387,0.426822742668607
"284","social_activities_ordinal","IP_10","social_activities_ordinal.C",0.149799325405321,0.187888616300353,0.797277282439806,0.427124116081126
"285","social_relationships_nominal","IL_18","social_relationships_nominalVery good",0.225081974696173,0.28294548003657,0.795495919097496,0.428154516651656
"286","social_activities_nominal","TNF","social_activities_nominalGood",-0.245981986237764,0.309836666596555,-0.79390857428137,0.429073925900697
"287","race_f","VILIP_1","race_fUnknown",-0.415289864418918,0.52554731280469,-0.790204524503493,0.431241642796321
"288","social_relationships_nominal","MCP_1","social_relationships_nominalVery good",0.21786966605024,0.276513161059748,0.78791788866485,0.432554277982469
"289","isolation_cat_ordinal","BDNF","isolation_cat_ordinal.Q",-0.164931273868948,0.209489384853535,-0.787301342186194,0.43291340593761
"290","social_activities_nominal","IL_6","social_activities_nominalGood",0.251664830031468,0.321636244014457,0.782451712811807,0.435744331611125
"291","social_relationships_ordinal","IFN_beta","social_relationships_ordinal.Q",0.157432335349567,0.201850189112377,0.779946434738879,0.437210997620363
"292","social_activities_ordinal","IL_6","social_activities_ordinal.C",-0.170513388268604,0.219833482895149,-0.775647940536572,0.439734173695017
"293","social_activities_nominal","IP_10","social_activities_nominalVery good",0.175829621509434,0.227215493472174,0.773845211092381,0.440794877848432
"294","social_activities_nominal","sRAGE","social_activities_nominalGood",-0.265579844059442,0.348657878511499,-0.761720472783417,0.447967479647435
"295","isolation_cat_ordinal","TNF","isolation_cat_ordinal.C",0.154142644574876,0.202531007269762,0.761081706217778,0.448347209893033
"296","social_relationships_ordinal","IL_8","social_relationships_ordinal.C",0.162142437341701,0.213552191657359,0.759263747580059,0.449428953901981
"297","isolation_cat_ordinal","VEGF","isolation_cat_ordinal.C",-0.169350187012877,0.223331099433853,-0.758292004302948,0.450007787877338
"298","social_activities_nominal","IL_10","social_activities_nominalGood",-0.219418953979023,0.289369109346676,-0.758266680484371,0.450022878132144
"299","race_f","IP_10","race_fOther",-0.334661480745946,0.442201172344934,-0.756808216883009,0.450909359694387
"300","social_activities_nominal","GM_CSF","social_activities_nominalVery good",-0.157855732896952,0.209014762844252,-0.755237241374087,0.45183019412389
"301","social_relationships_ordinal","beta_NGF","social_relationships_ordinal.L",0.174657545193184,0.231334244705531,0.755000823226621,0.451971412446454
"302","isolation_cat_ordinal","sRAGE","isolation_cat_ordinal.C",-0.171409553501563,0.227399100280587,-0.753782901031977,0.452699308088541
"303","isolation_cat_ordinal","TGF_beta1","isolation_cat_ordinal.C",-0.18498340964836,0.245757086467379,-0.75270834427358,0.453342078321783
"304","social_activities_ordinal","IL_12p70","social_activities_ordinal.Q",-0.19663254507004,0.262158996671235,-0.750050723289236,0.454934036478985
"305","race_f","BDNF","race_fUnknown",0.385783456324324,0.515903610230298,0.747782044308842,0.456312207980613
"306","social_activities_nominal","CX3CL1","social_activities_nominalVery good",-0.205479350128448,0.277069116548446,-0.74161766092223,0.460006675348284
"307","isolation_cat_nominal","VEGF","isolation_cat_nominalVery Isolated",-0.255545811619048,0.345767014625306,-0.739069375648723,0.461545810623614
"308","social_activities_nominal","IL_1beta","social_activities_nominalFair",0.351445908679485,0.476031196973352,0.738283353935642,0.462021147066614
"309","race_dichotomized","BDNF","race_dichotomized",0.154357246051597,0.210317133202653,0.733926160465799,0.464629426235168
"310","isolation_cat_d","BDNF","isolation_cat_dHigh",0.16781948045122,0.229550974267307,0.731077186611274,0.46636032658846
"311","isolation_cat_ordinal","IFN_gamma","isolation_cat_ordinal.Q",0.15845298373133,0.21872831236337,0.724428319403362,0.470445174929766
"312","social_activities_nominal","IFN_lambda2_3","social_activities_nominalGood",-0.21325126111189,0.297201773439833,-0.717530244330998,0.474671166951803
"313","race_f","IL_10","race_fAsian",-0.718941109162161,1.00972833613758,-0.712014393804435,0.47808127545547
"314","social_activities_d","TGF_beta1","social_activities_dHigh",0.386896173910561,0.54450128337604,0.710551445373481,0.478937520758872
"315","social_activities_ordinal","IFN_lambda2_3","social_activities_ordinal.Q",-0.188984753472358,0.26627993033679,-0.709722107983619,0.479480107474565
"316","race_dichotomized","CX3CL1","race_dichotomized",0.169946003040541,0.239992395020201,0.708130784836893,0.480433074050671
"317","social_activities_nominal","IL_6","social_activities_nominalFair",-0.355159397923077,0.50286923595194,-0.706265908771998,0.481617322282325
"318","race_dichotomized","IFN_gamma","race_dichotomized",-0.156490906470925,0.222180936254311,-0.70433993622119,0.482780346803272
"319","isolation_cat_ordinal","VILIP_1","isolation_cat_ordinal.Q",-0.15361903810744,0.218508529887944,-0.703034513967118,0.483620272357958
"320","race_f","TGF_beta1","race_fOther",-0.424816242712162,0.604949244703051,-0.7022345203864,0.484132347727038
"321","social_relationships_ordinal","IFN_alpha2","social_relationships_ordinal.Q",-0.137910601149218,0.196904599014937,-0.700392991525587,0.485260996531679
"322","isolation_cat_ordinal","VILIP_1","isolation_cat_ordinal.C",-0.14067851649642,0.201265183854471,-0.698970948686984,0.486145532153822
"323","race_f","MCP_1","race_fAsian",-0.729966647743242,1.04466941524801,-0.698753727340569,0.486296135472456
"324","social_relationships_nominal","beta_NGF","social_relationships_nominalFair",0.236116590436365,0.338034386048095,0.698498733211036,0.486439454028066
"325","isolation_cat_nominal","beta_NGF","isolation_cat_nominalSomewhat Isolated",0.153822012911111,0.220934175803955,0.696234579151778,0.48785008837756
"326","social_relationships_nominal","IL_1beta","social_relationships_nominalGood",-0.192539844567568,0.277885832650306,-0.69287391419433,0.48994800359207
"327","social_activities_nominal","sTREM_2","social_activities_nominalVery good",-0.148071263611031,0.213975524151904,-0.692000938882678,0.490493768388013
"328","social_activities_ordinal","sTREM_2","social_activities_ordinal.C",-0.121939532763229,0.176940245318119,-0.68915657115765,0.492274302253162
"329","social_activities_ordinal","VEGF","social_activities_ordinal.Q",-0.208289823787626,0.304371151362425,-0.684328402528557,0.495304702332243
"330","isolation_cat_ordinal","IL_1beta","isolation_cat_ordinal.Q",0.147604979669643,0.2172873688761,0.679307685638227,0.498466646619173
"331","race_f","BDNF","race_fAsian",-0.683775985675675,1.01177022142202,-0.675821417944721,0.50068343843166
"332","race_f","IFN_alpha2","race_fBlack",-0.147221780882491,0.218000453454781,-0.675327865375421,0.500995582015168
"333","social_relationships_ordinal","GM_CSF","social_relationships_ordinal.C",-0.10396058345901,0.155949238555247,-0.666630914149545,0.506498441863213
"334","social_activities_ordinal","sRAGE","social_activities_ordinal.L",-0.247561889553183,0.371991237778361,-0.66550462594682,0.507215364847943
"335","race_f","CX3CL1","race_fUnknown",-0.391178211959459,0.590283112979204,-0.662695922275589,0.509020045088181
"336","social_relationships_d","sTREM_1","social_relationships_dHigh",0.255396028468041,0.386916999877264,0.660079625731247,0.510648119433663
"337","social_activities_d","TNF","social_activities_dHigh",0.294603941308582,0.446496925259567,0.659811803042801,0.510819308644052
"338","isolation_cat_ordinal","beta_NGF","isolation_cat_ordinal.Q",-0.118967057287401,0.183846256413925,-0.647100787407656,0.519006272554126
"339","social_relationships_ordinal","IFN_lambda2_3","social_relationships_ordinal.C",0.116514172134606,0.180108734090632,0.646910171918563,0.519129142678547
"340","isolation_cat_ordinal","BDNF","isolation_cat_ordinal.L",0.144558227411731,0.224808589984873,0.643028041862003,0.521634862767352
"341","isolation_cat_ordinal","IL_18","isolation_cat_ordinal.C",-0.129715029871944,0.202298376209047,-0.641206480757424,0.522812761381204
"342","social_relationships_nominal","IP_10","social_relationships_nominalVery good",-0.162176116035885,0.254093539670813,-0.638253598442488,0.524725160417933
"343","social_relationships_ordinal","CX3CL1","social_relationships_ordinal.Q",-0.161709652506259,0.255551342204717,-0.632787333892054,0.528274889347847
"344","race_f","GM_CSF","race_fAsian",-0.550146994243243,0.875662182331254,-0.628263964510377,0.531235279963019
"345","isolation_cat_nominal","IL_6","isolation_cat_nominalVery Isolated",-0.204407263285715,0.325739246081445,-0.627518070802579,0.53170839891345
"346","social_activities_nominal","IL_12p70","social_activities_nominalGood",-0.182444619545456,0.292602295018452,-0.623524226062379,0.534318455658704
"347","social_relationships_ordinal","sTREM_1","social_relationships_ordinal.L",-0.188139724150913,0.302293474650581,-0.622374414030546,0.535071095360053
"348","social_activities_ordinal","IP_10","social_activities_ordinal.L",-0.182476604802199,0.293295119524668,-0.622160386091426,0.535211252826479
"349","race_f","sRAGE","race_fOther",-0.346910074878378,0.5589493491396,-0.6206467104978,0.536216445186384
"350","social_activities_d","IP_10","social_activities_dHigh",0.24683959968647,0.397924367022565,0.620317879835876,0.536392552252791
"351","social_activities_nominal","sTREM_1","social_activities_nominalFair",-0.326306236948717,0.530749758167891,-0.614802422284848,0.540041050401998
"352","social_activities_ordinal","sTREM_1","social_activities_ordinal.L",-0.222130225967518,0.362187073498123,-0.613302467760959,0.541028335159184
"353","isolation_cat_ordinal","IL_1beta","isolation_cat_ordinal.C",-0.121785022886719,0.200140389341,-0.608497981280636,0.544196841821232
"354","social_activities_ordinal","IL_6","social_activities_ordinal.L",-0.207882389445098,0.343161224510735,-0.605786361036239,0.545989249214
"355","social_relationships_nominal","IL_8","social_relationships_nominalVery good",-0.195853893442585,0.323492347215213,-0.605435940381881,0.546221097180711
"356","isolation_cat_ordinal","IL_6","isolation_cat_ordinal.Q",0.137984517690774,0.228420706972355,0.604080599870805,0.547118293598452
"357","race_f","IFN_lambda1","race_fOther",-0.286757738240541,0.475572304217861,-0.602974007731906,0.547864346025433
"358","social_activities_ordinal","IL_1beta","social_activities_ordinal.L",0.19525234751098,0.324846772838374,0.601059834471949,0.549120612241049
"359","isolation_cat_ordinal","sRAGE","isolation_cat_ordinal.Q",0.147942745296984,0.246881463294121,0.599246064580934,0.55032463212602
"360","race_f","IP_10","race_fAsian",-0.571344640945946,0.96343402031623,-0.593029339734559,0.554474132887953
"361","social_relationships_nominal","GM_CSF","social_relationships_nominalGood",-0.14037397417199,0.237402098594726,-0.591292052609968,0.555620201634275
"362","social_activities_nominal","sTREM_2","social_activities_nominalFair",-0.239117644717949,0.404750926930953,-0.59077726277509,0.555963802903135
"363","social_relationships_d","beta_NGF","social_relationships_dHigh",-0.171407703779381,0.29195261308,-0.587107962388445,0.558391522890038
"364","race_f","IFN_lambda2_3","race_fAsian",-0.60391208477027,1.02953103676677,-0.586589489003507,0.558775435653677
"365","isolation_cat_nominal","VILIP_1","isolation_cat_nominalVery Isolated",0.182214169485714,0.311603990424028,0.58476198985051,0.55998653167623
"366","social_activities_nominal","sRAGE","social_activities_nominalFair",-0.316887591256409,0.545116802718976,-0.581320534747438,0.562294434855951
"367","social_activities_ordinal","MCP_1","social_activities_ordinal.C",-0.118558206233282,0.204320485609831,-0.58025609071662,0.563009213305299
"368","social_activities_ordinal","GM_CSF","social_activities_ordinal.Q",-0.131335324725767,0.226567528494421,-0.579674084801611,0.563400220596749
"369","isolation_cat_ordinal","CX3CL1","isolation_cat_ordinal.C",-0.125371876853115,0.217196373345435,-0.577228224035399,0.56504486645231
"370","social_relationships_ordinal","VILIP_1","social_relationships_ordinal.Q",-0.134782593973257,0.235065776211726,-0.573382464029375,0.56763555950988
"371","social_activities_ordinal","IFN_alpha2","social_activities_ordinal.Q",-0.133495162337578,0.233261704824417,-0.572297807898057,0.568367279006769
"372","social_activities_d","BDNF","social_activities_dHigh",0.240361015943897,0.4226242144358,0.568734605670376,0.570750721922775
"373","social_activities_nominal","VILIP_1","social_activities_nominalVery good",-0.140912285253265,0.251388914412688,-0.560535000449301,0.576331831819282
"374","isolation_cat_nominal","IL_12p70","isolation_cat_nominalVery Isolated",-0.1651410042,0.299090615146851,-0.552143717779031,0.582045995507603
"375","race_f","TNF","race_fAsian",-0.590115708135134,1.06912872291153,-0.551959455853068,0.582183475063271
"376","social_relationships_ordinal","BDNF","social_relationships_ordinal.L",0.146269850457857,0.265020966069953,0.551918033606626,0.58220004852946
"377","race_f","sTREM_1","race_fBlack",0.153236179249706,0.281425891235744,0.544499223496618,0.587286404505643
"378","race_f","sTREM_1","race_fOther",-0.296281151045946,0.544716642714796,-0.543917934229657,0.58768489737688
"379","social_relationships_nominal","BDNF","social_relationships_nominalFair",0.210207081636364,0.387258702961878,0.542807895674476,0.588434739400012
"380","isolation_cat_nominal","GM_CSF","isolation_cat_nominalVery Isolated",-0.144744533142857,0.266687207175316,-0.542750192916845,0.588474328906125
"381","race_f","IL_18","race_fUnknown",-0.294631197155405,0.545677788644132,-0.539936210135083,0.590417906135165
"382","social_relationships_d","IL_8","social_relationships_dHigh",-0.216277715631958,0.401075746305431,-0.53924406455447,0.590860068801914
"383","race_f","VILIP_1","race_fAsian",-0.553407193418918,1.03068307819514,-0.536932452978666,0.592483570826898
"384","isolation_cat_d","IP_10","isolation_cat_dHigh",-0.116051603487804,0.21645148127591,-0.536155275093145,0.592985277531177
"385","social_activities_d","IL_8","social_activities_dHigh",-0.265808353072606,0.507469370670618,-0.523791914222018,0.601527116218999
"386","social_relationships_d","TGF_beta1","social_relationships_dHigh",0.225618544391753,0.430848530215359,0.523660935500877,0.601617910137304
"387","social_activities_nominal","VILIP_1","social_activities_nominalGood",0.159140415213286,0.304144375807412,0.523239710715728,0.60193131820678
"388","social_relationships_ordinal","IFN_gamma","social_relationships_ordinal.Q",-0.121939174992002,0.233070390585712,-0.523186041288065,0.601968529176726
"389","isolation_cat_ordinal","sTREM_2","isolation_cat_ordinal.C",0.0871431415900915,0.167463810340727,0.520369991658421,0.603922473177634
"390","social_relationships_ordinal","MCP_1","social_relationships_ordinal.Q",0.119035133660016,0.230101067455665,0.517316738145732,0.606044263554895
"391","social_relationships_ordinal","IL_12p70","social_relationships_ordinal.C",-0.0904388024895346,0.175308124450282,-0.515884832908492,0.607040498536821
"392","isolation_cat_ordinal","beta_NGF","isolation_cat_ordinal.L",0.101621459225656,0.197290271806889,0.515086011565359,0.607596593464714
"393","race_f","VEGF","race_fAsian",-0.604414249567567,1.18102705613004,-0.511770027985723,0.609918181178703
"394","race_f","IFN_gamma","race_fAsian",-0.546105525864865,1.07177357012745,-0.509534421342301,0.611478323538641
"395","race_f","IFN_lambda2_3","race_fOther",-0.24025679377027,0.472538670862308,-0.508438374645275,0.612243866289402
"396","social_activities_nominal","VEGF","social_activities_nominalVery good",-0.142714880712627,0.280790740144458,-0.508260637937008,0.612357409739443
"397","race_f","IL_12p70","race_fAsian",-0.505005013716216,0.996966921138894,-0.506541393709752,0.61356984343505
"398","social_relationships_ordinal","VEGF","social_relationships_ordinal.Q",-0.132491236437431,0.261592928598939,-0.506478661892881,0.613603118696077
"399","social_relationships_nominal","beta_NGF","social_relationships_nominalGood",0.120546368366095,0.238622304235333,0.505176449252667,0.614514160646824
"400","isolation_cat_ordinal","TGF_beta1","isolation_cat_ordinal.Q",0.134529359978165,0.266812265515132,0.504209803542689,0.615190826922163
"401","social_activities_d","IL_1beta","social_activities_dHigh",-0.221099106759075,0.439542537513416,-0.503020954490273,0.61600306883899
"402","race_f","IP_10","race_fUnknown",-0.246928035945946,0.49125688696516,-0.502645443754273,0.616297109297085
"403","social_activities_ordinal","IP_10","social_activities_ordinal.Q",-0.123451050201687,0.246296730867718,-0.501228943505507,0.617279563028785
"404","social_activities_nominal","IL_10","social_activities_nominalVery good",0.11953582475254,0.239176496590191,0.499780816496173,0.618295424883482
"405","social_activities_ordinal","sTREM_2","social_activities_ordinal.L",-0.137581258481916,0.276204654763879,-0.498113468071458,0.619465988127984
"406","race_f","IL_8","race_fOther",-0.27485316035946,0.558589598618151,-0.492048475373327,0.623742415667148
"407","social_relationships_nominal","IFN_beta","social_relationships_nominalGood",-0.119647982530713,0.243762924253528,-0.490837492605199,0.624585525536635
"408","social_relationships_ordinal","IFN_lambda1","social_relationships_ordinal.C",-0.0871232183011447,0.179113408118062,-0.486413715291028,0.627707225769228
"409","race_f","CX3CL1","race_fOther",-0.258397391959459,0.531338880941394,-0.486313727882375,0.627787974870694
"410","social_relationships_ordinal","sTREM_2","social_relationships_ordinal.L",0.11043365619261,0.227600675726183,0.485207945188476,0.628559271088594
"411","race_f","IFN_alpha2","race_fAsian",-0.443538525621621,0.919318668843104,-0.482464395267619,0.630509864961805
"412","race_dichotomized","IFN_beta","race_dichotomized",-0.0905409395540538,0.188244146287691,-0.480976122443039,0.631534212330667
"413","social_relationships_nominal","IL_6","social_relationships_nominalFair",-0.20114605090909,0.419590876896479,-0.479386140129822,0.632680241979101
"414","race_f","sTREM_1","race_fUnknown",-0.289242265445946,0.605144940614153,-0.477971880839651,0.633692997755289
"415","social_activities_nominal","TNF","social_activities_nominalVery good",-0.122029168248911,0.256093847055961,-0.47650175766326,0.634726260375347
"416","social_activities_ordinal","IL_12p70","social_activities_ordinal.C",-0.0952947422131174,0.199989220164282,-0.476499393991521,0.634727938195282
"417","social_relationships_nominal","IL_12p70","social_relationships_nominalVery good",-0.125764449511962,0.265559609686938,-0.473582747241656,0.636799728188248
"418","isolation_cat_ordinal","TNF","isolation_cat_ordinal.Q",0.104075368462282,0.219882802418721,0.473322002982717,0.636985084099364
"419","race_f","IP_10","race_fBlack",-0.108032957989425,0.228461642758769,-0.472871317411894,0.63731531272392
"420","social_relationships_nominal","IL_6","social_relationships_nominalVery good",0.139322403564594,0.294737146477773,0.472700523939898,0.637426969353269
"421","isolation_cat_nominal","IP_10","isolation_cat_nominalMost Isolated",-0.1421841988125,0.304441881834382,-0.467032321426292,0.6414632064357
"422","isolation_cat_ordinal","IL_10","isolation_cat_ordinal.Q",0.0978352015640674,0.20995188825277,0.46598867187267,0.642207550906703
"423","social_relationships_d","VILIP_1","social_relationships_dHigh",0.161466801217526,0.347221386509244,0.465025506754685,0.642876146116398
"424","social_activities_ordinal","beta_NGF","social_activities_ordinal.C",-0.080615450650376,0.173951627122027,-0.463436025199259,0.644029667951966
"425","isolation_cat_nominal","beta_NGF","isolation_cat_nominalMost Isolated",0.1310437232125,0.28356464055905,0.462129985438757,0.644962779496434
"426","social_relationships_ordinal","TNF","social_relationships_ordinal.Q",0.105993345179348,0.230221245474111,0.460397757648597,0.646201260332049
"427","social_relationships_nominal","VEGF","social_relationships_nominalFair",0.202299458172727,0.447521944274235,0.452043661234992,0.652188067167102
"428","social_activities_nominal","IL_8","social_activities_nominalGood",-0.15847908033916,0.351450872265611,-0.450928117826348,0.652989235290007
"429","isolation_cat_ordinal","GM_CSF","isolation_cat_ordinal.L",-0.090485092707502,0.200686633622782,-0.450877525194733,0.653025579866227
"430","social_relationships_nominal","VILIP_1","social_relationships_nominalVery good",0.12665493607895,0.282479266854298,0.448368963461937,0.654828718802214
"431","social_relationships_ordinal","IFN_lambda1","social_relationships_ordinal.Q",0.100890950065802,0.22578282476581,0.446849534150571,0.655921870372326
"432","social_activities_ordinal","CX3CL1","social_activities_ordinal.Q",0.134191131799072,0.300336991054029,0.446801878543598,0.655956168252922
"433","isolation_cat_nominal","TNF","isolation_cat_nominalSomewhat Isolated",-0.117935933897778,0.264240494603644,-0.446320440304503,0.65630270203343
"434","social_activities_ordinal","MCP_1","social_activities_ordinal.Q",0.119106504070425,0.26783670371259,0.444698215067028,0.65747091344932
"435","social_relationships_d","TNF","social_relationships_dHigh",0.155660667647424,0.353318478933222,0.440567581173256,0.660431772040629
"436","social_relationships_d","CX3CL1","social_relationships_dHigh",0.167083687754639,0.381348787619154,0.438138767393965,0.662185747958161
"437","social_activities_nominal","IL_6","social_activities_nominalVery good",0.115864944510885,0.265846724944103,0.43583363509649,0.663869495394751
"438","social_relationships_ordinal","CX3CL1","social_relationships_ordinal.L",-0.130036667201729,0.29918894917736,-0.434630582310187,0.664739809193473
"439","social_relationships_nominal","VEGF","social_relationships_nominalGood",0.135643780353809,0.315910812468056,0.429373655476021,0.668548149791114
"440","social_activities_ordinal","TGF_beta1","social_activities_ordinal.C",-0.109658992191315,0.25750297326202,-0.425855246648869,0.671101884994912
"441","social_relationships_nominal","IL_1beta","social_relationships_nominalFair",0.1656742024,0.393655434400506,0.420860955856747,0.674733467852701
"442","social_relationships_nominal","BDNF","social_relationships_nominalGood",0.114956079460689,0.273370307430209,0.420514139012837,0.674985941495906
"443","social_activities_nominal","CX3CL1","social_activities_nominalGood",-0.139947938944058,0.33521372135686,-0.417488694608276,0.677189957805831
"444","social_activities_nominal","IP_10","social_activities_nominalFair",-0.177825760666667,0.429795332715945,-0.413745211105383,0.679920945673391
"445","social_activities_nominal","IL_12p70","social_activities_nominalVery good",-0.0994487979811323,0.241848868992162,-0.411202245416972,0.681778554246731
"446","social_activities_ordinal","sTREM_1","social_activities_ordinal.Q",0.124686115716069,0.304149255226973,0.409950422607549,0.682693717300882
"447","social_relationships_d","IFN_beta","social_relationships_dHigh",-0.122392060769071,0.298771774339504,-0.409650680823663,0.682896736839474
"448","isolation_cat_ordinal","IL_12p70","isolation_cat_ordinal.Q",0.0857813696222223,0.209733676805892,0.40900141040112,0.683387821961665
"449","social_activities_d","sTREM_2","social_activities_dHigh",0.151396988669966,0.372898396745826,0.406000642510569,0.685568339284262
"450","race_f","IL_1beta","race_fOther",0.195143533732432,0.483009663874995,0.404015795805974,0.687046935645866
"451","isolation_cat_ordinal","sTREM_1","isolation_cat_ordinal.C",-0.0886630279117379,0.219640095529137,-0.403674145643304,0.687289194706163
"452","social_relationships_nominal","IFN_gamma","social_relationships_nominalVery good",-0.112956196980861,0.280081405805311,-0.403297736442306,0.687565175834246
"453","race_f","IFN_beta","race_fOther",0.165455700045946,0.411361609737474,0.402214733046036,0.688367622912012
"454","social_activities_d","sRAGE","social_activities_dHigh",0.201781624283828,0.502321786577934,0.401697934820754,0.688722781573701
"455","social_relationships_ordinal","IFN_alpha2","social_relationships_ordinal.C",-0.0622504442059082,0.15620432528589,-0.39851933736134,0.691072331849346
"456","race_f","IFN_alpha2","race_fOther",-0.165896065221621,0.42195291483227,-0.393162505554836,0.695019999232604
"457","social_activities_ordinal","IFN_alpha2","social_activities_ordinal.C",-0.0698116008162484,0.177944785547559,-0.392321700247799,0.695631181855474
"458","social_relationships_d","BDNF","social_relationships_dHigh",-0.130536521984535,0.334316387200097,-0.39045804208935,0.696988905871013
"459","race_f","IL_12p70","race_fOther",0.178364682083784,0.457592250242559,0.389789560442155,0.697504877505616
"460","social_activities_nominal","IP_10","social_activities_nominalGood",-0.106753281772727,0.274898018464014,-0.388337763834053,0.698567598184167
"461","social_relationships_d","sRAGE","social_relationships_dHigh",0.153870686284536,0.39705946867556,0.387525543208403,0.699151610266716
"462","isolation_cat_nominal","BDNF","isolation_cat_nominalMost Isolated",0.1251004926875,0.323116626226988,0.38716823132344,0.699430490690047
"463","race_dichotomized","VEGF","race_dichotomized",0.0938269836748566,0.24452364236685,0.383713340626962,0.701966795770145
"464","race_f","IFN_lambda2_3","race_fBlack",-0.0930222133789659,0.244135402083551,-0.381027137338856,0.70397557606907
"465","social_activities_nominal","sRAGE","social_activities_nominalVery good",-0.109112190470247,0.288181313061455,-0.378623406601589,0.705746837644944
"466","isolation_cat_nominal","IL_18","isolation_cat_nominalMost Isolated",-0.1259178631275,0.338757891993168,-0.371704589335559,0.710876377047602
"467","race_f","IFN_beta","race_fAsian",-0.328854115554053,0.896243145108593,-0.366925111058124,0.714434993524334
"468","race_f","IL_8","race_fAsian",-0.446036553959459,1.21701220249983,-0.366501299693848,0.71475018880462
"469","race_f","TGF_beta1","race_fBlack",-0.11452987841651,0.312544848078169,-0.36644302128399,0.714793535251681
"470","isolation_cat_nominal","BDNF","isolation_cat_nominalSomewhat Isolated",0.0918902360444446,0.251750378196919,0.365005354520533,0.7158558144432
"471","race_f","GM_CSF","race_fOther",-0.145283533243243,0.40191526917215,-0.361478013867184,0.718489834134644
"472","social_relationships_d","IL_6","social_relationships_dHigh",0.132181364675259,0.367888294858398,0.359297554509409,0.720094049022402
"473","race_f","sRAGE","race_fUnknown",-0.221993772128378,0.620956556432042,-0.357502903913172,0.721454014769292
"474","isolation_cat_d","GM_CSF","isolation_cat_dHigh",-0.0723039007439021,0.204109151514195,-0.354241346884799,0.723868421327241
"475","isolation_cat_ordinal","IFN_alpha2","isolation_cat_ordinal.Q",0.0666041263733731,0.18878964062898,0.352795450806897,0.724962729840968
"476","race_f","sTREM_2","race_fAsian",-0.311704840743243,0.899877195272535,-0.346385976198498,0.729766182699416
"477","social_relationships_ordinal","IFN_lambda2_3","social_relationships_ordinal.Q",-0.0771132964500261,0.227037490801206,-0.33965005593524,0.734811679611771
"478","isolation_cat_nominal","VILIP_1","isolation_cat_nominalMost Isolated",-0.1143906658625,0.337027764096849,-0.339410214968607,0.734991793639428
"479","social_relationships_nominal","BDNF","social_relationships_nominalVery good",0.0914386670047855,0.272025754954219,0.33613974169532,0.737449301756511
"480","isolation_cat_nominal","GM_CSF","isolation_cat_nominalMost Isolated",-0.0965930749375001,0.288446219912718,-0.334873776355012,0.738401310170727
"481","race_f","sRAGE","race_fAsian",-0.406444968878378,1.21779599936168,-0.333754560773251,0.739249944753935
"482","isolation_cat_ordinal","GM_CSF","isolation_cat_ordinal.C",0.0554665964065252,0.172253409562359,0.322005796851559,0.74810092162056
"483","race_f","sTREM_2","race_fBlack",0.0685544543002349,0.213390245702178,0.32126329896032,0.748668228011794
"484","isolation_cat_ordinal","IFN_alpha2","isolation_cat_ordinal.C",-0.0553006396700921,0.173891526113406,-0.318018024834787,0.751115133315742
"485","social_relationships_ordinal","TGF_beta1","social_relationships_ordinal.L",-0.105670905624307,0.334448875190483,-0.315955332677148,0.752675763998652
"486","social_relationships_ordinal","IFN_beta","social_relationships_ordinal.C",-0.0502864375350839,0.160127659571508,-0.31403967103277,0.754126070862547
"487","social_relationships_ordinal","IP_10","social_relationships_ordinal.C",-0.0522052507264563,0.167738843746367,-0.311229346527476,0.756255299822056
"488","social_activities_nominal","IFN_lambda2_3","social_activities_nominalVery good",-0.0763617293280115,0.24565054339152,-0.310855120748932,0.756538972332109
"489","social_relationships_d","IL_1beta","social_relationships_dHigh",-0.107605433657732,0.34767703224754,-0.309498251760037,0.757555897993628
"490","social_activities_ordinal","IL_8","social_activities_ordinal.C",-0.0738292842461364,0.240211328028114,-0.307351384517118,0.759196502194103
"491","social_relationships_ordinal","VEGF","social_relationships_ordinal.L",0.0918809285569337,0.306262188820936,0.300007418188519,0.764776124477265
"492","social_relationships_nominal","IL_18","social_relationships_nominalGood",-0.0847614097199011,0.284344005870336,-0.298094589546414,0.766231456657445
"493","social_relationships_nominal","sTREM_1","social_relationships_nominalFair",-0.128903917427272,0.441722708369132,-0.291820898009055,0.771010503452856
"494","social_relationships_ordinal","VILIP_1","social_relationships_ordinal.L",-0.0792743205883628,0.275205295208379,-0.288055215392342,0.773883303844394
"495","social_activities_nominal","IL_18","social_activities_nominalGood",0.0891901935279718,0.311813191381477,0.286037268445308,0.775424071630374
"496","social_activities_ordinal","IFN_lambda2_3","social_activities_ordinal.C",-0.0574476949310479,0.203132893738669,-0.282808430844068,0.777891258164179
"497","social_activities_nominal","MCP_1","social_activities_nominalVery good",-0.0695655452772139,0.24708670955402,-0.281543047793936,0.778858771333268
"498","isolation_cat_nominal","IP_10","isolation_cat_nominalVery Isolated",0.0792021402380951,0.281476232339521,0.281381271803299,0.778982490527628
"499","social_relationships_nominal","IL_10","social_relationships_nominalVery good",-0.0745960103468904,0.266126495860562,-0.280302831575159,0.779807379446089
"500","social_activities_ordinal","IFN_beta","social_activities_ordinal.Q",0.0660162491267758,0.235804167259521,0.279962181729044,0.780067991686344
"501","social_activities_ordinal","IL_18","social_activities_ordinal.Q",-0.0778996559620993,0.27937112863817,-0.278839321521272,0.780927206960299
"502","social_activities_ordinal","sTREM_1","social_activities_ordinal.C",-0.0632522493969299,0.232021685842314,-0.272613523892406,0.785696099663825
"503","social_activities_nominal","IFN_beta","social_activities_nominalGood",-0.0707074328321678,0.263187002510455,-0.268658528566049,0.788729839026154
"504","social_activities_ordinal","CX3CL1","social_activities_ordinal.C",-0.0611875984498234,0.229113482238059,-0.267062408777179,0.789955091166434
"505","isolation_cat_ordinal","IFN_lambda2_3","isolation_cat_ordinal.C",0.050893375966521,0.192648496509973,0.264177384659144,0.792171098704522
"506","social_relationships_nominal","GM_CSF","social_relationships_nominalVery good",-0.061477568038277,0.23623445320386,-0.260239635686098,0.795198459764939
"507","social_activities_nominal","IFN_gamma","social_activities_nominalVery good",-0.0637606113642963,0.253430672238176,-0.251589954764329,0.801859311682367
"508","isolation_cat_ordinal","MCP_1","isolation_cat_ordinal.L",-0.0583005744318591,0.232208380107643,-0.25107007079087,0.802260129458818
"509","social_relationships_ordinal","IL_8","social_relationships_ordinal.L",-0.0774054764847113,0.315162269799199,-0.245605149798004,0.806476624171472
"510","race_f","MCP_1","race_fUnknown",-0.129144561243243,0.532678973360319,-0.242443512325173,0.808923343225584
"511","isolation_cat_ordinal","MCP_1","isolation_cat_ordinal.C",0.048025126802427,0.199309164145315,0.240957945954819,0.81006670486126
"512","social_activities_ordinal","IL_18","social_activities_ordinal.C",-0.0500903859508543,0.213119575761992,-0.235034185723015,0.814648832166856
"513","social_activities_d","sTREM_1","social_activities_dHigh",0.114786081070956,0.490403203235963,0.234064704947952,0.81539052070932
"514","social_relationships_nominal","sRAGE","social_relationships_nominalFair",0.104030946518182,0.447380530140726,0.232533468735125,0.816585121260736
"515","race_f","TGF_beta1","race_fAsian",-0.304764007112162,1.31801704599937,-0.231229184810033,0.817599962984578
"516","social_relationships_nominal","VILIP_1","social_relationships_nominalFair",-0.0926952137999984,0.402140431570636,-0.230504586265946,0.818156907619249
"517","social_relationships_nominal","sTREM_2","social_relationships_nominalVery good",-0.0538170424617232,0.233616406130537,-0.230364995991129,0.818265076321572
"518","race_dichotomized","sTREM_2","race_dichotomized",-0.042254981470516,0.185860781398557,-0.227347486395772,0.820595630538806
"519","race_f","IFN_gamma","race_fBlack",-0.0574901250387779,0.254152485103628,-0.226203277199264,0.821495990873355
"520","race_dichotomized","MCP_1","race_dichotomized",0.0484608097416053,0.216261494442752,0.224084319154808,0.823127139042145
"521","social_activities_ordinal","IFN_gamma","social_activities_ordinal.C",-0.0462767990269777,0.209566423518256,-0.220821629009412,0.825668461498214
"522","social_relationships_ordinal","IL_10","social_relationships_ordinal.C",0.0385041620712216,0.175682352112357,0.219169208564537,0.826951966150677
"523","social_activities_ordinal","IL_8","social_activities_ordinal.L",0.0819412133628993,0.374971148079356,0.218526715408936,0.827451144555211
"524","race_f","sRAGE","race_fBlack",0.0626836867737952,0.288779167739899,0.217064434614113,0.828591716029861
"525","isolation_cat_ordinal","IL_18","isolation_cat_ordinal.L",-0.0506152905542201,0.235691010191884,-0.214752741366811,0.830384716227622
"526","social_relationships_nominal","sTREM_1","social_relationships_nominalGood",-0.0667720372002446,0.31181706611681,-0.214138494828988,0.830862408308714
"527","social_relationships_ordinal","IFN_gamma","social_relationships_ordinal.C",0.0390771922031,0.184894630636831,0.211348442453449,0.833032993873131
"528","social_activities_ordinal","IFN_beta","social_activities_ordinal.C",0.0378283064086157,0.179884314940598,0.210292411659725,0.833854895358765
"529","isolation_cat_ordinal","GM_CSF","isolation_cat_ordinal.Q",0.039006789836012,0.187011178837927,0.208579990128917,0.835188052440512
"530","social_relationships_nominal","CX3CL1","social_relationships_nominalGood",-0.0637487103243223,0.308614734257468,-0.206564053001885,0.83675811869794
"531","social_relationships_nominal","beta_NGF","social_relationships_nominalVery good",0.0478038520047858,0.237448657349532,0.20132289876214,0.840843144336222
"532","social_relationships_ordinal","sRAGE","social_relationships_ordinal.L",-0.0613216800101857,0.306165411886055,-0.20028937832144,0.841649201209915
"533","race_dichotomized","sRAGE","race_dichotomized",-0.048098352605651,0.250381734456806,-0.192100085535387,0.848034835178862
"534","race_f","IL_6","race_fOther",0.0976152978216215,0.509053865068741,0.191758288306955,0.848312768686518
"535","social_activities_ordinal","IL_10","social_activities_ordinal.C",0.0378771453843202,0.197779386912277,0.191512098281103,0.848501428289545
"536","social_relationships_ordinal","IP_10","social_relationships_ordinal.Q",-0.0402441278239495,0.211444527586913,-0.190329483970245,0.84942556975837
"537","isolation_cat_nominal","MCP_1","isolation_cat_nominalSomewhat Isolated",0.0493677194711112,0.260036983090933,0.189848839516214,0.84980122437738
"538","social_activities_ordinal","beta_NGF","social_activities_ordinal.Q",0.0411217884191517,0.228027210657548,0.18033719879558,0.857242193306168
"539","isolation_cat_ordinal","VEGF","isolation_cat_ordinal.Q",0.0435501661734128,0.242464937457016,0.179614284152459,0.857808265903322
"540","social_activities_nominal","sTREM_2","social_activities_nominalGood",-0.0460004222482525,0.258879562701831,-0.177690435537526,0.85931508104402
"541","isolation_cat_ordinal","IFN_beta","isolation_cat_ordinal.Q",-0.0334688077700793,0.188638277846548,-0.177423204622899,0.859524425458916
"542","social_relationships_nominal","VILIP_1","social_relationships_nominalGood",0.0502150380675701,0.283875488317699,0.176891067154668,0.859941323247231
"543","social_activities_ordinal","IFN_lambda1","social_activities_ordinal.Q",-0.0471022165567691,0.267330742256594,-0.176194537744404,0.860487072104282
"544","social_activities_nominal","beta_NGF","social_activities_nominalVery good",0.0366329288889691,0.210361359698538,0.17414286036878,0.862095006447729
"545","social_relationships_ordinal","BDNF","social_relationships_ordinal.C",0.0312277725171857,0.179576724636005,0.173896548010235,0.862288084745264
"546","social_relationships_ordinal","beta_NGF","social_relationships_ordinal.Q",0.033883185032743,0.197593450209178,0.17147929244048,0.864183354074675
"547","social_activities_d","IFN_beta","social_activities_dHigh",-0.0643376902310215,0.378247502710193,-0.170094157317718,0.865263391611779
"548","isolation_cat_nominal","MCP_1","isolation_cat_nominalMost Isolated",-0.0567409389025002,0.333752319549107,-0.170009122271138,0.865336441815831
"549","social_relationships_ordinal","VILIP_1","social_relationships_ordinal.C",0.0305501625194113,0.186477569110366,0.163827545935728,0.87018794715096
"550","isolation_cat_ordinal","VILIP_1","isolation_cat_ordinal.L",-0.0383689294545319,0.234487272651644,-0.163629049119152,0.870343817211403
"551","social_activities_d","IL_18","social_activities_dHigh",0.072947336831684,0.448158859016757,0.162771158851412,0.871011469024383
"552","social_activities_ordinal","VILIP_1","social_activities_ordinal.L",0.0528206565216871,0.324498741582846,0.16277615211707,0.871013614532614
"553","race_f","sTREM_2","race_fUnknown",-0.074420146243243,0.45884913785318,-0.162188702350914,0.871478116581428
"554","isolation_cat_ordinal","IL_8","isolation_cat_ordinal.C",-0.0373407750764146,0.23170838234703,-0.161154183108012,0.872287638318746
"555","isolation_cat_ordinal","IP_10","isolation_cat_ordinal.L",-0.0334229616285539,0.211815625171356,-0.157792710530752,0.874929073563244
"556","social_activities_nominal","IL_1beta","social_activities_nominalGood",0.0475261976643361,0.304470576607013,0.156094550067737,0.876264022755729
"557","race_f","sTREM_1","race_fAsian",-0.184155055445946,1.18678686951674,-0.155171126489573,0.876993063408382
"558","isolation_cat_ordinal","MCP_1","isolation_cat_ordinal.Q",-0.0324855497191863,0.216384928662465,-0.150128522905863,0.88095681258805
"559","social_relationships_nominal","CX3CL1","social_relationships_nominalFair",-0.0653124645999986,0.43718625781618,-0.149392766657958,0.881535845078045
"560","isolation_cat_nominal","IFN_beta","isolation_cat_nominalSomewhat Isolated",0.0333835750044445,0.226692907726501,0.147263429364631,0.883211972267323
"561","social_activities_nominal","CX3CL1","social_activities_nominalFair",-0.0770450254743588,0.524097240520423,-0.147005211089938,0.883415267354697
"562","race_dichotomized","IL_18","race_dichotomized",0.0324138311855037,0.223257812578802,0.145185652457572,0.884842627117639
"563","social_activities_ordinal","sRAGE","social_activities_ordinal.C",0.0341034733840478,0.238302359259522,0.143110095468705,0.886482826931423
"564","social_activities_nominal","IL_8","social_activities_nominalFair",0.076918214282052,0.549483570026101,0.139982737388123,0.888946998597701
"565","social_activities_ordinal","IL_1beta","social_activities_ordinal.Q",0.0376254154571402,0.272792463484175,0.137926887629441,0.890567480475479
"566","social_relationships_nominal","TGF_beta1","social_relationships_nominalGood",0.0462157283864867,0.344985505057653,0.133964261422413,0.89369224323988
"567","isolation_cat_nominal","MCP_1","isolation_cat_nominalVery Isolated",-0.0411375589352381,0.30857562985491,-0.133314348105133,0.894204899126013
"568","isolation_cat_nominal","GM_CSF","isolation_cat_nominalSomewhat Isolated",-0.0298621214666667,0.224737568600032,-0.132875520780474,0.894551074371766
"569","social_activities_d","CX3CL1","social_activities_dHigh",-0.0612644815907595,0.482875613971975,-0.126874250465494,0.899282574033271
"570","isolation_cat_d","VILIP_1","isolation_cat_dHigh",0.0301797895658532,0.239072271039861,0.126237097403995,0.899785656348234
"571","race_f","IL_18","race_fBlack",-0.0315370776880141,0.253770374153456,-0.124274071759627,0.901342854284606
"572","social_activities_nominal","IFN_beta","social_activities_nominalVery good",-0.0260685086777936,0.217535815590841,-0.119835479077272,0.904846909792067
"573","social_relationships_nominal","sRAGE","social_relationships_nominalGood",0.0364780354533174,0.31581098662849,0.115505910173508,0.908269024715432
"574","social_activities_nominal","IL_18","social_activities_nominalVery good",0.0275421707423804,0.257727533092969,0.10686545753125,0.915103588220605
"575","social_activities_ordinal","CX3CL1","social_activities_ordinal.L",-0.0370301052796816,0.357647352356377,-0.103538038337784,0.917737291371791
"576","isolation_cat_d","IFN_beta","isolation_cat_dHigh",0.0200123137941466,0.205672249069287,0.0973019640943628,0.922672086984571
"577","social_activities_ordinal","sTREM_2","social_activities_ordinal.Q",-0.022522979429333,0.231944887555719,-0.0971048755016099,0.922831810481132
"578","race_f","IFN_gamma","race_fOther",0.0465387033351352,0.491927334103392,0.0946048330897462,0.924814310455157
"579","social_activities_ordinal","sRAGE","social_activities_ordinal.Q",0.0289022216366386,0.312382374192696,0.0925219347324952,0.926463083480861
"580","social_activities_nominal","VEGF","social_activities_nominalGood",0.0297737596853132,0.339716349836893,0.0876429989301615,0.930330593810196
"581","race_dichotomized","sTREM_1","race_dichotomized",0.0212697651601147,0.244351147937208,0.087045898247961,0.930800814265496
"582","social_activities_nominal","IFN_beta","social_activities_nominalFair",0.0352565567435886,0.411485488118574,0.0856811668007818,0.93188620522157
"583","race_f","TNF","race_fOther",0.040479593664865,0.490713390527711,0.0824913166142326,0.93441768749932
"584","social_activities_nominal","IL_18","social_activities_nominalFair",-0.0390669476538449,0.487511168992171,-0.0801354925562172,0.936284989828836
"585","social_activities_ordinal","TNF","social_activities_ordinal.Q",-0.0221040647694838,0.277600247946759,-0.0796255224300924,0.936689595246471
"586","isolation_cat_nominal","IL_8","isolation_cat_nominalMost Isolated",-0.0308671866924999,0.388006293633892,-0.0795533144666593,0.936746885696757
"587","race_f","beta_NGF","race_fUnknown",-0.0330723164121622,0.435636122031092,-0.0759172959716177,0.939633600784492
"588","social_relationships_nominal","MCP_1","social_relationships_nominalGood",-0.0210236320884509,0.277879893615676,-0.075657262621267,0.939838533202146
"589","social_activities_ordinal","VILIP_1","social_activities_ordinal.Q",-0.0197526555248822,0.272500201681063,-0.0724867556171606,0.942355117895909
"590","social_relationships_ordinal","IFN_beta","social_relationships_ordinal.L",0.017100971926855,0.236317858676731,0.0723642809841471,0.942452343812517
"591","race_f","VEGF","race_fUnknown",-0.0431890713175676,0.602208000528812,-0.0717178637275532,0.942966875269149
"592","social_relationships_nominal","TNF","social_relationships_nominalVery good",0.0197242728899522,0.276657579354448,0.0712948943454823,0.943301308214176
"593","isolation_cat_ordinal","beta_NGF","isolation_cat_ordinal.C",-0.0118417045491503,0.16933824330373,-0.0699292984155426,0.944385522059314
"594","race_f","IL_10","race_fOther",0.031757552437838,0.463449540471264,0.0685242937247171,0.94550243437603
"595","social_relationships_nominal","IL_8","social_relationships_nominalFair",-0.0313380419636363,0.460527080686681,-0.0680482066698638,0.945879184181108
"596","isolation_cat_nominal","IFN_beta","isolation_cat_nominalVery Isolated",0.0182598244457142,0.269007530982177,0.0678784879332021,0.946013957223745
"597","isolation_cat_ordinal","IFN_beta","isolation_cat_ordinal.L",-0.0136414454843504,0.202432716528842,-0.0673875533474195,0.946403815436854
"598","social_activities_ordinal","TGF_beta1","social_activities_ordinal.Q",0.0212813148358139,0.33755179931587,0.0630460713850307,0.949852004722836
"599","isolation_cat_ordinal","IP_10","isolation_cat_ordinal.Q",-0.0117539556364087,0.197381803882583,-0.0595493374019461,0.952629955330164
"600","social_relationships_nominal","TGF_beta1","social_relationships_nominalFair",0.0271166019000002,0.488709401123905,0.0554861474684937,0.955858653438824
"601","social_relationships_d","VEGF","social_relationships_dHigh",-0.0206389468381444,0.388245343466597,-0.0531595476557727,0.957705795182197
"602","isolation_cat_nominal","IFN_beta","isolation_cat_nominalMost Isolated",-0.0152942160900001,0.290955858969468,-0.0525654171191823,0.958179985783375
"603","social_relationships_ordinal","IL_1beta","social_relationships_ordinal.Q",0.0112564337864152,0.23010598532932,0.048918474546872,0.961078998548035
"604","social_activities_ordinal","IFN_beta","social_activities_ordinal.L",0.0136692503742096,0.280800362948953,0.0486796036538404,0.961268899473061
"605","race_f","CX3CL1","race_fAsian",-0.0533355219594594,1.15764042754817,-0.0460726152009233,0.963342455741242
"606","social_activities_nominal","VILIP_1","social_activities_nominalFair",-0.0212771810897404,0.475521191182913,-0.044744969276366,0.964397222896621
"607","social_activities_ordinal","GM_CSF","social_activities_ordinal.C",0.00750387354311728,0.172838101737822,0.0434156211371722,0.965454280464267
"608","social_activities_ordinal","TNF","social_activities_ordinal.C",-0.00902495596404383,0.21176865112093,-0.0426170536397768,0.966089307003292
"609","social_activities_d","VILIP_1","social_activities_dHigh",-0.0180026405313532,0.439743383160181,-0.040938968545652,0.967422295080399
"610","isolation_cat_nominal","VILIP_1","isolation_cat_nominalSomewhat Isolated",0.0106332408666664,0.262588985484886,0.0404938571472504,0.96777779295512
"611","isolation_cat_ordinal","IL_8","isolation_cat_ordinal.L",-0.0105601175473976,0.269955615703338,-0.0391179769307054,0.968872049484577
"612","isolation_cat_ordinal","IFN_beta","isolation_cat_ordinal.C",0.00672542961324032,0.173752107948584,0.0387070389685889,0.96919888574631
"613","social_activities_ordinal","IL_18","social_activities_ordinal.L",-0.012421988225524,0.332680780118357,-0.0373390618511373,0.97028693305004
"614","social_relationships_ordinal","IL_6","social_relationships_ordinal.Q",-0.00829063399175624,0.245266199132988,-0.0338025949807331,0.973099986034601
"615","social_activities_ordinal","BDNF","social_activities_ordinal.C",-0.00596429755432425,0.19921187355027,-0.0299394682055394,0.976173264712834
"616","social_relationships_nominal","IFN_lambda2_3","social_relationships_nominalVery good",-0.00738695008373177,0.272831651563767,-0.0270751213849002,0.978452206526013
"617","social_relationships_ordinal","IL_1beta","social_relationships_ordinal.L",-0.00698065020304353,0.269398577037994,-0.0259119787483474,0.979377682224805
"618","social_relationships_ordinal","beta_NGF","social_relationships_ordinal.C",0.00400011125163553,0.156750790612536,0.0255189223352831,0.979690431174026
"619","isolation_cat_d","MCP_1","isolation_cat_dHigh",0.00548540995268273,0.23609011482161,0.0232343906343877,0.981507403908633
"620","race_f","IL_1beta","race_fAsian",-0.0176504340675675,1.05234443375851,-0.016772487696379,0.986650882626329
"621","social_activities_nominal","BDNF","social_activities_nominalFair",-0.00478271262820436,0.455697291083539,-0.0104953720853425,0.991646360014024
"622","social_relationships_ordinal","BDNF","social_relationships_ordinal.Q",0.0019061675854454,0.226366862070894,0.00842070066266331,0.993297620536267
"623","social_activities_ordinal","BDNF","social_activities_ordinal.L",-0.00157672433306283,0.310970783723579,-0.00507032948299212,0.995964287052304
"624","social_relationships_nominal","IFN_beta","social_relationships_nominalFair",0.000454582890909409,0.345316632095151,0.00131642338844585,0.998952192679734
