"race_dichotomized","exposure","outcome","term","estimate","std.error","conf.low","conf.high","statistic","p.value"
0,"isolation_cat_ordinal","IL_10","isolation_cat_ordinal.L",-0.205636841050535,0.313045911910188,-0.829987225452467,0.418713543351397,-0.656890357697858,0.513405359192044
0,"isolation_cat_ordinal","IL_10","isolation_cat_ordinal.Q",0.102469092327923,0.286541824307864,-0.4690205561463,0.673958740802145,0.357606058296846,0.721714136026933
0,"isolation_cat_ordinal","IL_10","isolation_cat_ordinal.C",-0.336476800940045,0.257322154490585,-0.849689655536985,0.176736053656895,-1.30760913923701,0.195284360736954
1,"isolation_cat_ordinal","IL_10","isolation_cat_ordinal.L",-0.32982484922766,0.272343736385739,-0.886830331732948,0.227180633277628,-1.21106089534039,0.235649262310501
1,"isolation_cat_ordinal","IL_10","isolation_cat_ordinal.Q",0.132028505029762,0.260496978468507,-0.400747637020034,0.664804647079558,0.506833153328585,0.616104180563283
1,"isolation_cat_ordinal","IL_10","isolation_cat_ordinal.C",0.0764778135689438,0.248085148354147,-0.430913285617846,0.583868912755734,0.308272438218551,0.760078540556324
0,"isolation_cat_ordinal","IFN_gamma","isolation_cat_ordinal.L",-0.296206302662346,0.313129951093565,-0.920724297930448,0.328311692605756,-0.94595327475984,0.347426391196994
0,"isolation_cat_ordinal","IFN_gamma","isolation_cat_ordinal.Q",0.190955524248197,0.286618748298889,-0.380687544288512,0.762598592784905,0.666235287752588,0.507450536476397
0,"isolation_cat_ordinal","IFN_gamma","isolation_cat_ordinal.C",-0.413727542157074,0.25739123427379,-0.927078172037314,0.099623087723165,-1.60738784801423,0.112470996176458
1,"isolation_cat_ordinal","IFN_gamma","isolation_cat_ordinal.L",-0.365840102754586,0.342939281122999,-1.06722968595902,0.335549480449852,-1.06677806507495,0.294872912402162
1,"isolation_cat_ordinal","IFN_gamma","isolation_cat_ordinal.Q",0.0551778832023809,0.328021667456939,-0.615701754342348,0.726057520747109,0.168214141554001,0.867582502085608
1,"isolation_cat_ordinal","IFN_gamma","isolation_cat_ordinal.C",0.327699170620872,0.312392506480713,-0.311215243613615,0.966613584855359,1.04899817960615,0.302842963991929
0,"isolation_cat_ordinal","IL_12p70","isolation_cat_ordinal.L",-0.0272345418082305,0.308517746041624,-0.642553784153643,0.588084700537182,-0.0882754465753037,0.929909815275591
0,"isolation_cat_ordinal","IL_12p70","isolation_cat_ordinal.Q",0.154593523006133,0.282397036404934,-0.408629606654066,0.717816652666333,0.54743323433628,0.585822372377773
0,"isolation_cat_ordinal","IL_12p70","isolation_cat_ordinal.C",-0.259245549224878,0.253600025074872,-0.765034850780306,0.246543752330549,-1.02226152835884,0.310177106030901
1,"isolation_cat_ordinal","IL_12p70","isolation_cat_ordinal.L",-0.322460797317608,0.289277819213927,-0.914100367985437,0.269178773350222,-1.11470972158823,0.274127918460462
1,"isolation_cat_ordinal","IL_12p70","isolation_cat_ordinal.Q",0.0440302638333334,0.276694440794685,-0.521873408293289,0.609933935959956,0.159129557163764,0.874669880096375
1,"isolation_cat_ordinal","IL_12p70","isolation_cat_ordinal.C",-0.0497626766741374,0.263510854509262,-0.588702887340197,0.489177533991923,-0.18884488370246,0.851529796445321
0,"isolation_cat_ordinal","IFN_alpha2","isolation_cat_ordinal.L",-0.35774505590303,0.250644403658014,-0.857639556416331,0.142149444610271,-1.42730119117739,0.157938912262912
0,"isolation_cat_ordinal","IFN_alpha2","isolation_cat_ordinal.Q",0.0608675376085861,0.229423550809151,-0.396703306439507,0.518438381656679,0.265306405527738,0.791553179441142
0,"isolation_cat_ordinal","IFN_alpha2","isolation_cat_ordinal.C",-0.323367534261746,0.206028430675663,-0.734278282481266,0.0875432139577739,-1.56952869660402,0.121034421014406
1,"isolation_cat_ordinal","IFN_alpha2","isolation_cat_ordinal.L",-0.190894566266992,0.344016944139545,-0.8944882178171,0.512699085283116,-0.5548987325158,0.583218964920859
1,"isolation_cat_ordinal","IFN_alpha2","isolation_cat_ordinal.Q",0.00360490686309523,0.329052452902359,-0.669382923629284,0.676592737355475,0.0109554170810723,0.991334037334776
1,"isolation_cat_ordinal","IFN_alpha2","isolation_cat_ordinal.C",0.541615471007925,0.313374178366704,-0.0993066876666399,1.18253762968249,1.72833471420909,0.0945636647973528
0,"isolation_cat_ordinal","CX3CL1","isolation_cat_ordinal.L",-0.707543736505704,0.326696620525098,-1.35911960077119,-0.05596787224022,-2.16575162414742,0.0337390104441757
0,"isolation_cat_ordinal","CX3CL1","isolation_cat_ordinal.Q",0.403626908047619,0.299036793259043,-0.192783170213265,1.0000369863085,1.34975667592173,0.181442930865231
0,"isolation_cat_ordinal","CX3CL1","isolation_cat_ordinal.C",-0.325643283590147,0.268542967852044,-0.861235344779439,0.209948777599145,-1.21263009117246,0.229347960403671
1,"isolation_cat_ordinal","CX3CL1","isolation_cat_ordinal.L",0.314823654350928,0.373580209714525,-0.449233664271372,1.07888097297323,0.842720374806532,0.406281818964243
1,"isolation_cat_ordinal","CX3CL1","isolation_cat_ordinal.Q",-0.183915580089286,0.357329737550597,-0.914736951343267,0.546905791164695,-0.5146943026628,0.610667404740116
1,"isolation_cat_ordinal","CX3CL1","isolation_cat_ordinal.C",0.350935495901598,0.340304142768801,-0.345064624229714,1.04693561603291,1.03124073966981,0.310952206196668
0,"isolation_cat_ordinal","IFN_lambda1","isolation_cat_ordinal.L",-0.394640450246402,0.310135039041924,-1.01318528177222,0.223904381279416,-1.27247940595663,0.207413403498477
0,"isolation_cat_ordinal","IFN_lambda1","isolation_cat_ordinal.Q",0.280109336982684,0.283877401006786,-0.286066286778401,0.846284960743769,0.986726438910817,0.327175206588751
0,"isolation_cat_ordinal","IFN_lambda1","isolation_cat_ordinal.C",-0.350934626027515,0.254929431731998,-0.859375345556552,0.157506093501522,-1.37659517633274,0.173024738055256
1,"isolation_cat_ordinal","IFN_lambda1","isolation_cat_ordinal.L",-0.459091283729864,0.29306235169115,-1.05847109240172,0.140288524941996,-1.56653108487196,0.128072563721868
1,"isolation_cat_ordinal","IFN_lambda1","isolation_cat_ordinal.Q",0.164020570273809,0.280314348813558,-0.409286645034805,0.737327785582424,0.585130839602159,0.562985395318737
1,"isolation_cat_ordinal","IFN_lambda1","isolation_cat_ordinal.C",0.21398928277888,0.266958285735413,-0.332001716420119,0.759980281977878,0.801583221848256,0.429313563492944
0,"isolation_cat_ordinal","IFN_lambda2_3","isolation_cat_ordinal.L",-0.316281001806158,0.308428574687687,-0.931422397493971,0.298860393881655,-1.0254594669979,0.308677125234211
0,"isolation_cat_ordinal","IFN_lambda2_3","isolation_cat_ordinal.Q",0.167612926691919,0.282315414759479,-0.395447413729461,0.730673267113299,0.593708022761415,0.554621160451619
0,"isolation_cat_ordinal","IFN_lambda2_3","isolation_cat_ordinal.C",-0.0245791579315498,0.253526726673452,-0.530222270434953,0.481063954571853,-0.0969489814902563,0.923043956636417
1,"isolation_cat_ordinal","IFN_lambda2_3","isolation_cat_ordinal.L",-0.65525823884269,0.302122331496295,-1.27316778676915,-0.0373486909162247,-2.16885072876755,0.0384350222423753
1,"isolation_cat_ordinal","IFN_lambda2_3","isolation_cat_ordinal.Q",0.55883457627381,0.288980225971397,-0.0321963478730989,1.14986550042072,1.93381597095547,0.062948923501343
1,"isolation_cat_ordinal","IFN_lambda2_3","isolation_cat_ordinal.C",0.183717701351902,0.275211262153646,-0.379152529853489,0.746587932557292,0.667551538095615,0.509697697240223
0,"isolation_cat_ordinal","sTREM_1","isolation_cat_ordinal.L",-0.734327644387716,0.361985651338198,-1.45628526134528,-0.0123700274301491,-2.02860981277306,0.0463038016922774
0,"isolation_cat_ordinal","sTREM_1","isolation_cat_ordinal.Q",0.417916958598125,0.331338072025281,-0.24291598879181,1.07874990598806,1.26130074954453,0.21138778333808
0,"isolation_cat_ordinal","sTREM_1","isolation_cat_ordinal.C",-0.251913351402295,0.297550372495349,-0.84535885692836,0.34153215412377,-0.846624217908623,0.400089740434447
1,"isolation_cat_ordinal","sTREM_1","isolation_cat_ordinal.L",0.226472498432713,0.260191175702163,-0.305678206734708,0.758623203600135,0.870408067535517,0.391225602517457
1,"isolation_cat_ordinal","sTREM_1","isolation_cat_ordinal.Q",-0.0370605383273812,0.248873045490504,-0.546063068092401,0.471941991437638,-0.148913427946118,0.882652668294159
1,"isolation_cat_ordinal","sTREM_1","isolation_cat_ordinal.C",0.286083067173111,0.237015057813134,-0.198667154698107,0.770833289044329,1.20702486083674,0.237176095946548
0,"isolation_cat_ordinal","sRAGE","isolation_cat_ordinal.L",-0.602144910428572,0.365430583150095,-1.33097322723931,0.126683406382163,-1.64776824434875,0.10388217530197
0,"isolation_cat_ordinal","sRAGE","isolation_cat_ordinal.Q",0.414150353579365,0.334491338074896,-0.25297158464321,1.08127229180194,1.23814971102969,0.219797052457167
0,"isolation_cat_ordinal","sRAGE","isolation_cat_ordinal.C",-0.130161261579356,0.300382089001409,-0.729254447595121,0.468931924436409,-0.433318983871724,0.666115428854901
1,"isolation_cat_ordinal","sRAGE","isolation_cat_ordinal.L",0.180738033075928,0.324043509543757,-0.482005357983676,0.843481424135532,0.557758534742453,0.581289769322465
1,"isolation_cat_ordinal","sRAGE","isolation_cat_ordinal.Q",-0.485206343636905,0.309947848438565,-1.11912087077871,0.148708183504903,-1.56544510981846,0.128326776111706
1,"isolation_cat_ordinal","sRAGE","isolation_cat_ordinal.C",-0.194161677692766,0.295179845900693,-0.797872248289026,0.409548892903495,-0.657774168491461,0.515870965524045
0,"isolation_cat_ordinal","GM_CSF","isolation_cat_ordinal.L",-0.0216378290105158,0.274839745664688,-0.569788417553923,0.526512759532892,-0.0787288932981132,0.937472889557013
0,"isolation_cat_ordinal","GM_CSF","isolation_cat_ordinal.Q",0.133471173280303,0.251570389897515,-0.368270148554047,0.635212495114654,0.530551999123096,0.59740845840416
0,"isolation_cat_ordinal","GM_CSF","isolation_cat_ordinal.C",0.0551626591907641,0.225916879292683,-0.395414349046095,0.505739667427623,0.244172367126668,0.807811589932374
1,"isolation_cat_ordinal","GM_CSF","isolation_cat_ordinal.L",-0.0177859078606034,0.240636389859193,-0.509942585376426,0.47437076965522,-0.0739119626545706,0.941587911109454
1,"isolation_cat_ordinal","GM_CSF","isolation_cat_ordinal.Q",-0.0642924575892857,0.230168878857946,-0.535040671326008,0.406455756147437,-0.279327326562534,0.78197614608871
1,"isolation_cat_ordinal","GM_CSF","isolation_cat_ordinal.C",0.065947735985148,0.219202083623724,-0.382370863059344,0.51426633502964,0.300853599997489,0.765672615413268
0,"isolation_cat_nominal","IL_10","isolation_cat_nominalSomewhat Isolated",-0.495386683282829,0.324130596145226,-1.14184477329539,0.151071406729729,-1.52835520365646,0.130930807203755
0,"isolation_cat_nominal","IL_10","isolation_cat_nominalVery Isolated",-0.135919274484128,0.39418752981688,-0.922101512948325,0.65026296398007,-0.344808661368027,0.731272091104948
0,"isolation_cat_nominal","IL_10","isolation_cat_nominalMost Isolated",-0.426367773111112,0.451598548348379,-1.32705267755911,0.47431713133689,-0.944130078961628,0.348350580893973
1,"isolation_cat_nominal","IL_10","isolation_cat_nominalSomewhat Isolated",-0.211126825773809,0.346318154576303,-0.91942698112196,0.497173329574342,-0.609632567579683,0.546852523969474
1,"isolation_cat_nominal","IL_10","isolation_cat_nominalVery Isolated",-0.461234736428571,0.389228003843186,-1.2572953874368,0.334825914579654,-1.18499884868098,0.245638284133733
1,"isolation_cat_nominal","IL_10","isolation_cat_nominalMost Isolated",-0.408304552142857,0.389228003843186,-1.20436520315108,0.387756098865369,-1.04901124305372,0.302837053300329
0,"isolation_cat_nominal","IFN_gamma","isolation_cat_nominalSomewhat Isolated",-0.693472173242424,0.324217611083199,-1.34010380907655,-0.0468405374082944,-2.13890963826906,0.0359332229317928
0,"isolation_cat_nominal","IFN_gamma","isolation_cat_nominalVery Isolated",-0.270865913809524,0.394293351988143,-1.05725920793934,0.515527380320288,-0.686965459710996,0.494374124543301
0,"isolation_cat_nominal","IFN_gamma","isolation_cat_nominalMost Isolated",-0.582427038555555,0.451719782875883,-1.48335373764444,0.318499660533328,-1.28935472971213,0.201518985249239
1,"isolation_cat_nominal","IFN_gamma","isolation_cat_nominalSomewhat Isolated",0.0743164977380953,0.436088968104721,-0.817585586436742,0.966218581912933,0.170415908618558,0.865866445497218
1,"isolation_cat_nominal","IFN_gamma","isolation_cat_nominalVery Isolated",-0.528946743,0.49012168813702,-1.53135814782995,0.473464661829954,-1.07921513330813,0.289386478252322
1,"isolation_cat_nominal","IFN_gamma","isolation_cat_nominalMost Isolated",-0.344274478857143,0.49012168813702,-1.3466858836871,0.658136925972811,-0.702426534450555,0.488013535675847
0,"isolation_cat_nominal","IL_12p70","isolation_cat_nominalSomewhat Isolated",-0.398649448742425,0.319442091850549,-1.03575661179098,0.23845771430613,-1.24795529115472,0.216205846097495
0,"isolation_cat_nominal","IL_12p70","isolation_cat_nominalVery Isolated",-0.0630147035476194,0.388485661654991,-0.837824924543317,0.711795517448079,-0.162205995658038,0.871610954071341
0,"isolation_cat_nominal","IL_12p70","isolation_cat_nominalMost Isolated",-0.152477106277778,0.44506623773475,-1.04013372801234,0.735179515456784,-0.342594187898502,0.732930391453708
1,"isolation_cat_nominal","IL_12p70","isolation_cat_nominalSomewhat Isolated",-0.232748207523809,0.367851898631992,-0.985089814520753,0.519593399473134,-0.632722594036837,0.53187261608026
1,"isolation_cat_nominal","IL_12p70","isolation_cat_nominalVery Isolated",-0.310193423428572,0.413429842826533,-1.15575239291966,0.535365546062519,-0.750292773515922,0.459122956440739
1,"isolation_cat_nominal","IL_12p70","isolation_cat_nominalMost Isolated",-0.454881103285715,0.413429842826533,-1.30044007277681,0.390677866205376,-1.100261897341,0.280267618332199
0,"isolation_cat_nominal","IFN_alpha2","isolation_cat_nominalSomewhat Isolated",-0.510084705661616,0.259519504606867,-1.02768003687803,0.00751062555479243,-1.96549660663971,0.0533251543974914
0,"isolation_cat_nominal","IFN_alpha2","isolation_cat_nominalVery Isolated",-0.236230085388889,0.315611527195804,-0.865697428130983,0.393237257353204,-0.748483705547082,0.456676019736882
0,"isolation_cat_nominal","IFN_alpha2","isolation_cat_nominalMost Isolated",-0.624579715833333,0.361578428393847,-1.34572515223792,0.0965657205712551,-1.72736996122184,0.0885113774882756
1,"isolation_cat_nominal","IFN_alpha2","isolation_cat_nominalSomewhat Isolated",0.395460052130952,0.437459347582135,-0.499244772772065,1.29016487703397,0.90399268941602,0.373447908389027
1,"isolation_cat_nominal","IFN_alpha2","isolation_cat_nominalVery Isolated",-0.416563999714286,0.491661861707055,-1.42212541318371,0.588997413755134,-0.847257093051658,0.403790149200819
1,"isolation_cat_nominal","IFN_alpha2","isolation_cat_nominalMost Isolated",-0.013894133857143,0.491661861707056,-1.01945554732656,0.991667279612277,-0.0282595314773905,0.97764873809185
0,"isolation_cat_nominal","CX3CL1","isolation_cat_nominalSomewhat Isolated",-1.01131429383333,0.338264664512889,-1.68596189433867,-0.336666693328,-2.98971308543166,0.00385094133352154
0,"isolation_cat_nominal","CX3CL1","isolation_cat_nominalVery Isolated",-0.890841161095239,0.411376507230217,-1.71130573402599,-0.0703765881644866,-2.16551296789707,0.0337579920336755
0,"isolation_cat_nominal","CX3CL1","isolation_cat_nominalMost Isolated",-1.09490163883333,0.471290995877254,-2.03486189145453,-0.154941386212137,-2.32319659915272,0.0230795483059687
1,"isolation_cat_nominal","CX3CL1","isolation_cat_nominalSomewhat Isolated",0.638595248321428,0.475052632131464,-0.332996476487005,1.61018697312986,1.3442620988251,0.189285677410914
1,"isolation_cat_nominal","CX3CL1","isolation_cat_nominalVery Isolated",0.308559292,0.53391306601064,-0.783415536926917,1.40053412092692,0.577920473656006,0.567778619893729
1,"isolation_cat_nominal","CX3CL1","isolation_cat_nominalMost Isolated",0.579323380142857,0.533913066010641,-0.51265144878406,1.67129820906977,1.08505188770059,0.286836772553933
0,"isolation_cat_nominal","IFN_lambda1","isolation_cat_nominalSomewhat Isolated",-0.770483383449496,0.321116651793306,-1.41093035099377,-0.13003641590522,-2.39938782105088,0.0190880173158728
0,"isolation_cat_nominal","IFN_lambda1","isolation_cat_nominalVery Isolated",-0.476143750460318,0.390522157608215,-1.2550156345631,0.302728133642462,-1.21924900081598,0.226842274492115
0,"isolation_cat_nominal","IFN_lambda1","isolation_cat_nominalMost Isolated",-0.686408459944445,0.44739933694928,-1.57871830133791,0.20590138144902,-1.5342187689077,0.129483490022041
1,"isolation_cat_nominal","IFN_lambda1","isolation_cat_nominalSomewhat Isolated",-0.177934600833333,0.372664391553031,-0.940118861004942,0.584249659338275,-0.477466065624927,0.63660932421444
1,"isolation_cat_nominal","IFN_lambda1","isolation_cat_nominalVery Isolated",-0.670343214142857,0.418838617932353,-1.526964370808,0.186277942522286,-1.60048091422918,0.120331015977386
1,"isolation_cat_nominal","IFN_lambda1","isolation_cat_nominalMost Isolated",-0.520236674428572,0.418838617932353,-1.37685783109371,0.336384482236571,-1.24209337953788,0.224153534747809
0,"isolation_cat_nominal","IFN_lambda2_3","isolation_cat_nominalSomewhat Isolated",-0.331042357883839,0.319349763016308,-0.967965376878896,0.305880661111219,-1.03661375777171,0.303483649057977
0,"isolation_cat_nominal","IFN_lambda2_3","isolation_cat_nominalVery Isolated",-0.439511121111112,0.388373377052632,-1.21409739752879,0.335075155306562,-1.13167160026922,0.261634525368803
0,"isolation_cat_nominal","IFN_lambda2_3","isolation_cat_nominalMost Isolated",-0.435327625611112,0.444937599562328,-1.32272768660061,0.452072435378382,-0.978401524257178,0.331245128374804
1,"isolation_cat_nominal","IFN_lambda2_3","isolation_cat_nominalSomewhat Isolated",-0.687552861690475,0.384185256795815,-1.47329993695964,0.0981942135786905,-1.78963885138334,0.0839607709214834
1,"isolation_cat_nominal","IFN_lambda2_3","isolation_cat_nominalVery Isolated",-1.227076416,0.431786952640596,-2.1101798906267,-0.343972941373302,-2.84185617118768,0.00812637472069673
1,"isolation_cat_nominal","IFN_lambda2_3","isolation_cat_nominalMost Isolated",-0.796960125142857,0.431786952640596,-1.68006359976955,0.0861433494838404,-1.84572535197982,0.075164325626855
0,"isolation_cat_nominal","sTREM_1","isolation_cat_nominalSomewhat Isolated",-0.9716364159899,0.374803249300793,-1.71915792600783,-0.22411490597197,-2.59239058840209,0.0115946131199095
0,"isolation_cat_nominal","sTREM_1","isolation_cat_nominalVery Isolated",-0.962060495206351,0.45581246808007,-1.87114979755326,-0.05297119285944,-2.11064980135065,0.0383766483398153
0,"isolation_cat_nominal","sTREM_1","isolation_cat_nominalMost Isolated",-1.097862994,0.522198784420391,-2.13935562936983,-0.0563703586301731,-2.10238519650819,0.0391179667454243
1,"isolation_cat_nominal","sTREM_1","isolation_cat_nominalSomewhat Isolated",0.394222592797619,0.330864696952619,-0.282471692945133,1.07091687854037,1.19149185884305,0.243120872665375
1,"isolation_cat_nominal","sTREM_1","isolation_cat_nominalVery Isolated",0.111683461857143,0.37185981686292,-0.648855258308941,0.872222182023227,0.300337537944609,0.766062227887643
1,"isolation_cat_nominal","sTREM_1","isolation_cat_nominalMost Isolated",0.431784978,0.371859816862921,-0.328753742166084,1.19232369816608,1.16114986997686,0.255049814784016
0,"isolation_cat_nominal","sRAGE","isolation_cat_nominalSomewhat Isolated",-0.799857515555556,0.378370163160349,-1.55449301094948,-0.0452220201616362,-2.11395504570106,0.0380836069918083
0,"isolation_cat_nominal","sRAGE","isolation_cat_nominalVery Isolated",-0.894515248603175,0.460150327511082,-1.81225613878494,0.0232256415785922,-1.94396308145979,0.0559200880612877
0,"isolation_cat_nominal","sRAGE","isolation_cat_nominalMost Isolated",-0.866072056999999,0.527168426719563,-1.91747633140352,0.185332217403526,-1.64287543241037,0.104893649783883
1,"isolation_cat_nominal","sRAGE","isolation_cat_nominalSomewhat Isolated",0.392371365273809,0.412060698428088,-0.450387389509221,1.23513012005684,0.952217396055026,0.348856392260623
1,"isolation_cat_nominal","sRAGE","isolation_cat_nominalVery Isolated",0.733695096857143,0.463116244389829,-0.213483973922108,1.68087416763639,1.58425688095612,0.123981146023748
1,"isolation_cat_nominal","sRAGE","isolation_cat_nominalMost Isolated",0.155653774857143,0.463116244389829,-0.791525295922108,1.10283284563639,0.336100874764654,0.739214594289183
0,"isolation_cat_nominal","GM_CSF","isolation_cat_nominalSomewhat Isolated",-0.0938089222828283,0.284571582689301,-0.661369047753833,0.473751203188177,-0.329649648767811,0.742649125251947
0,"isolation_cat_nominal","GM_CSF","isolation_cat_nominalVery Isolated",-0.177494127055555,0.34607831093525,-0.867725553963907,0.512737299852796,-0.512872726915163,0.60965510805149
0,"isolation_cat_nominal","GM_CSF","isolation_cat_nominalMost Isolated",-0.00436070277777734,0.396482514060812,-0.795120142989002,0.786398737433447,-0.0109984743920094,0.991255950054211
1,"isolation_cat_nominal","GM_CSF","isolation_cat_nominalSomewhat Isolated",0.115323806035714,0.30599841055975,-0.510513213686579,0.741160825758007,0.37687714071703,0.709008649259488
1,"isolation_cat_nominal","GM_CSF","isolation_cat_nominalVery Isolated",0.0188915338571427,0.343912523636174,-0.684488553784224,0.72227162149851,0.0549312181405993,0.956569960178409
1,"isolation_cat_nominal","GM_CSF","isolation_cat_nominalMost Isolated",0.00563042471428558,0.343912523636174,-0.697749662927082,0.709010512355653,0.0163716768867714,0.987049993695129
0,"isolation_cat_d","IL_10","isolation_cat_dHigh",-0.394427506234127,0.297728402424329,-0.987938229227472,0.199083216759218,-1.32478965064267,0.189430309486007
1,"isolation_cat_d","IL_10","isolation_cat_dHigh",-0.331549881895604,0.303130476598621,-0.949788564931043,0.286688801139834,-1.09375304527566,0.282489716470568
0,"isolation_cat_d","IFN_gamma","isolation_cat_dHigh",-0.569974068880953,0.29862108408283,-1.16526432023715,0.0253161824752397,-1.90868662415966,0.0602888401272065
1,"isolation_cat_d","IFN_gamma","isolation_cat_dHigh",-0.200798099236263,0.391376510895849,-0.999015755812058,0.597419557339532,-0.513056081921325,0.611549151858786
0,"isolation_cat_d","IL_12p70","isolation_cat_dHigh",-0.275177350261905,0.29346429306733,-0.860187726607809,0.309833026083999,-0.937685969852459,0.351540659958923
1,"isolation_cat_d","IL_12p70","isolation_cat_dHigh",-0.313403852972527,0.320545681491596,-0.967161080558938,0.340353374613883,-0.977719779328065,0.335781711652522
0,"isolation_cat_d","IFN_alpha2","isolation_cat_dHigh",-0.460022034371032,0.238821043252429,-0.936103083046928,0.0160590143048632,-1.9262206885379,0.058024924485226
1,"isolation_cat_d","IFN_alpha2","isolation_cat_dHigh",0.0666274496373629,0.4011524819077,-0.751528431268682,0.884783330543408,0.166090084549678,0.869164586954005
0,"isolation_cat_d","CX3CL1","isolation_cat_dHigh",-0.994629691095239,0.308827102284538,-1.61026526789722,-0.378994114293254,-3.2206684055172,0.00192047575214208
1,"isolation_cat_d","CX3CL1","isolation_cat_dHigh",0.533781603263738,0.414930085935577,-0.312473886316288,1.38003709284376,1.2864374538187,0.207815304890883
0,"isolation_cat_d","IFN_lambda1","isolation_cat_dHigh",-0.683386433924605,0.294257928252479,-1.26997889309732,-0.0967939747518856,-2.32240618964138,0.0230420619265434
1,"isolation_cat_d","IFN_lambda1","isolation_cat_dHigh",-0.402664401153845,0.333451338402327,-1.08274288954427,0.277414087236581,-1.20756570683788,0.236347153007095
0,"isolation_cat_d","IFN_lambda2_3","isolation_cat_dHigh",-0.374919681003969,0.291438520886448,-0.955891754312927,0.20605239230499,-1.28644518186409,0.202408966474127
1,"isolation_cat_d","IFN_lambda2_3","isolation_cat_dHigh",-0.862265004934066,0.34416611024031,-1.56419641456313,-0.160333595305005,-2.50537452491182,0.0176963341726769
0,"isolation_cat_d","sTREM_1","isolation_cat_dHigh",-0.989528850117065,0.341916483175918,-1.67112690216941,-0.307930798064716,-2.89406594536113,0.00502923396213012
1,"isolation_cat_d","sTREM_1","isolation_cat_dHigh",0.328267315098902,0.291131416859973,-0.265499124255451,0.922033754453254,1.1275571652124,0.268158931970075
0,"isolation_cat_d","sRAGE","isolation_cat_dHigh",-0.834163571549604,0.345125836493849,-1.52215935251379,-0.146167790585414,-2.41698384572976,0.0181844739316687
1,"isolation_cat_d","sRAGE","isolation_cat_dHigh",0.420534557126374,0.366432037203033,-0.326808509939641,1.16787762419239,1.14764680603886,0.259894348280097
0,"isolation_cat_d","GM_CSF","isolation_cat_dHigh",-0.100354616769842,0.259787791028238,-0.618232113248202,0.417522879708519,-0.386294584409216,0.700417720501424
1,"isolation_cat_d","GM_CSF","isolation_cat_dHigh",0.0598284377857143,0.265748262865168,-0.482168717684283,0.601825593255711,0.225131999512145,0.823354108020655
0,"isolation_cat2_d","IL_10","isolation_cat2_dHigh",0.070971289660699,0.279213519338457,-0.485630688459955,0.627573267781353,0.254182855575374,0.800078814309569
1,"isolation_cat2_d","IL_10","isolation_cat2_dHigh",-0.301426385902256,0.249732040955672,-0.810758241427367,0.207905469622856,-1.20699924907016,0.236562106867551
0,"isolation_cat2_d","IFN_gamma","isolation_cat2_dHigh",0.0559361520323955,0.283663105101356,-0.509535913193335,0.621408217258126,0.19719220098225,0.844232746378789
1,"isolation_cat2_d","IFN_gamma","isolation_cat2_dHigh",-0.483547346342105,0.31329177248378,-1.12251012896814,0.155415436283929,-1.54344093529344,0.132871824181046
0,"isolation_cat2_d","IL_12p70","isolation_cat2_dHigh",0.159927912601023,0.273048663549826,-0.384384650111271,0.704240475313317,0.585712123699296,0.559900489240786
1,"isolation_cat2_d","IL_12p70","isolation_cat2_dHigh",-0.235538395447368,0.265858188412625,-0.777759745549507,0.30668295465477,-0.885955015543103,0.382463032728014
0,"isolation_cat2_d","IFN_alpha2","isolation_cat2_dHigh",-0.0581381747127024,0.226917127239441,-0.510489200516105,0.3942128510907,-0.256208843378118,0.798520204984158
1,"isolation_cat2_d","IFN_alpha2","isolation_cat2_dHigh",-0.464993310236842,0.321292087057928,-1.12027284201225,0.190286221538567,-1.44726038694195,0.157861729054416
0,"isolation_cat2_d","CX3CL1","isolation_cat2_dHigh",-0.316311076067349,0.303934391989842,-0.922193213154626,0.289571061019929,-1.04072156492879,0.30148694701475
1,"isolation_cat2_d","CX3CL1","isolation_cat2_dHigh",0.0406180213421053,0.352184406195497,-0.677666810704745,0.758902853388956,0.115331685979186,0.908926059821627
0,"isolation_cat2_d","IFN_lambda1","isolation_cat2_dHigh",-0.0598731738320546,0.282722524151577,-0.623470225202905,0.503723877538796,-0.211773625082502,0.832881977330311
1,"isolation_cat2_d","IFN_lambda1","isolation_cat2_dHigh",-0.482910196390977,0.26857622017563,-1.0306750088215,0.0648546160395413,-1.79803780124387,0.0819170371937968
0,"isolation_cat2_d","IFN_lambda2_3","isolation_cat2_dHigh",-0.223670222502131,0.27197732589816,-0.765847112638236,0.318506667633973,-0.822385549102292,0.41357277075898
1,"isolation_cat2_d","IFN_lambda2_3","isolation_cat2_dHigh",-0.577774357924812,0.294425707141558,-1.17825954660479,0.022710830755166,-1.96237741443896,0.0587483727155788
0,"isolation_cat2_d","sTREM_1","isolation_cat2_dHigh",-0.386494687201194,0.331774094553701,-1.04787425705623,0.27488488265384,-1.16493328908365,0.247891148890321
1,"isolation_cat2_d","sTREM_1","isolation_cat2_dHigh",0.0227515297406015,0.245669836692032,-0.478295405566808,0.523798465048011,0.0926101879129852,0.926809171081024
0,"isolation_cat2_d","sRAGE","isolation_cat2_dHigh",-0.365830441056266,0.329853098311037,-1.02338057488985,0.291719692777322,-1.10907080433516,0.271090424582527
1,"isolation_cat2_d","sRAGE","isolation_cat2_dHigh",0.196860942,0.307447189741097,-0.430181735533755,0.823903619533755,0.640308152322933,0.526677155864959
0,"isolation_cat2_d","GM_CSF","isolation_cat2_dHigh",-0.0490463744927537,0.241004254150428,-0.529479574552151,0.431386825566643,-0.203508335011133,0.839311808967603
1,"isolation_cat2_d","GM_CSF","isolation_cat2_dHigh",-0.0605751087368422,0.219729488410365,-0.508716354919586,0.387566137445901,-0.275680379429604,0.784622965504354
0,"isolation_item_visit","IL_10","isolation_item_visit5",0.1156133565,0.934662134908505,-1.7499800729685,1.9812067859685,0.12369534635242,0.901926832733396
0,"isolation_item_visit","IL_10","isolation_item_visit4",0.434882277285715,0.917819996234414,-1.39709410268964,2.26685865726107,0.473820878897745,0.637168054399147
0,"isolation_item_visit","IL_10","isolation_item_visit3",0.13468987925,0.904982720707829,-1.67166319153137,1.94104295003137,0.148831437515904,0.882133704033683
0,"isolation_item_visit","IL_10","isolation_item_visit2",0.01365881645,0.848949043115178,-1.68085056574968,1.70816819864968,0.0160890886923903,0.987211133629703
0,"isolation_item_visit","IL_10","isolation_item_visit1",0.0223062725185182,0.838884939245082,-1.65211507428067,1.6967276193177,0.0265903838237837,0.97886548494864
0,"isolation_item_visit","IL_10","isolation_item_visit0",0.284191956250001,0.991358900568152,-1.69456869112136,2.26295260362137,0.286669092381305,0.775250337541087
1,"isolation_item_visit","IL_10","isolation_item_visit5",1.48304529733333,0.703307452832102,0.0373761236200136,2.92871447104665,2.10867280214557,0.0447612775950021
1,"isolation_item_visit","IL_10","isolation_item_visit4",-0.628175490166666,0.556013361580221,-1.77107732317359,0.514726342840262,-1.12978488211391,0.268882522454179
1,"isolation_item_visit","IL_10","isolation_item_visit3",-0.686735598066667,0.444810689264177,-1.60105706447221,0.227585868338876,-1.54388285767748,0.134702208739274
1,"isolation_item_visit","IL_10","isolation_item_visit2",-0.718002442555555,0.406054747215684,-1.55265992915808,0.116655044046974,-1.76824048352813,0.088754573950157
1,"isolation_item_visit","IL_10","isolation_item_visit1",-0.368103333888889,0.406054747215684,-1.20276082049142,0.46655415271364,-0.906536215653116,0.372977412877727
1,"isolation_item_visit","IL_10","isolation_item_visit0",-1.05022302116667,0.465194153853008,-2.00644329909609,-0.0940027432372467,-2.25760150351871,0.0325955985599111
0,"isolation_item_visit","IFN_gamma","isolation_item_visit5",0.0293320085000002,0.888077835355616,-1.74327876989451,1.80194278689451,0.0330286460625995,0.973749942602423
0,"isolation_item_visit","IFN_gamma","isolation_item_visit4",1.42383531557143,0.872075122184925,-0.316833913647311,3.16450454479017,1.63269800886431,0.107223903018724
0,"isolation_item_visit","IFN_gamma","isolation_item_visit3",0.82099066675,0.859877666617059,-0.895332339257429,2.53731367275743,0.954776125282973,0.343123151369439
0,"isolation_item_visit","IFN_gamma","isolation_item_visit2",0.927133012950001,0.80663675180417,-0.682920682314953,2.53718670821495,1.14938107007438,0.254485370806502
0,"isolation_item_visit","IFN_gamma","isolation_item_visit1",0.285134148925926,0.797074250825543,-1.30583271450031,1.87610101235216,0.357725956685475,0.721672888382602
0,"isolation_item_visit","IFN_gamma","isolation_item_visit0",0.593845060500001,0.941948789402142,-1.28629259221069,2.47398271321069,0.630443042319654,0.530549275699633
1,"isolation_item_visit","IFN_gamma","isolation_item_visit5",1.931757757,1.0086406096583,-0.14153270916333,4.00504822316333,1.91520918204397,0.0665272044407233
1,"isolation_item_visit","IFN_gamma","isolation_item_visit4",0.34782842,0.797400416765264,-1.2912516110471,1.9869084510471,0.436202957368647,0.66629017443575
1,"isolation_item_visit","IFN_gamma","isolation_item_visit3",-0.2317170292,0.637920333412211,-1.54298105403768,1.07954699563768,-0.363238193020991,0.719363627562189
1,"isolation_item_visit","IFN_gamma","isolation_item_visit2",-0.114544238888889,0.582338927501808,-1.31155904763657,1.08247056985879,-0.196696860675751,0.845594233345064
1,"isolation_item_visit","IFN_gamma","isolation_item_visit1",0.399912272,0.582338927501808,-0.797102536747683,1.59692708074768,0.6867345683305,0.498329715015258
1,"isolation_item_visit","IFN_gamma","isolation_item_visit0",-0.476998602,0.667153053849109,-1.84835134426734,0.894354140267337,-0.714976270059739,0.480994956833391
0,"isolation_item_visit","IL_12p70","isolation_item_visit5",0.619039969999999,0.880936776799575,-1.13931719586007,2.37739713586007,0.702706466914639,0.484673146645954
0,"isolation_item_visit","IL_12p70","isolation_item_visit4",1.16094517757143,0.865062741890245,-0.565727281997529,2.88761763714039,1.34203581006697,0.184114724047734
0,"isolation_item_visit","IL_12p70","isolation_item_visit3",0.989082535499999,0.852963366401599,-0.713439469515133,2.69160454051513,1.15958383965849,0.250334092202758
0,"isolation_item_visit","IL_12p70","isolation_item_visit2",0.75099979055,0.800150563264422,-0.846107418203833,2.34810699930383,0.938573094901166,0.351321274382025
0,"isolation_item_visit","IL_12p70","isolation_item_visit1",0.278989356925926,0.79066495462193,-1.29918449773448,1.85716321158633,0.352854082244393,0.725305522646942
0,"isolation_item_visit","IL_12p70","isolation_item_visit0",0.789498456500001,0.934374553007401,-1.07552095709142,2.65451787009143,0.844948585081755,0.40114677410134
1,"isolation_item_visit","IL_12p70","isolation_item_visit5",1.72797324833333,0.774122038584108,0.136742608921464,3.3192038877452,2.2321716243783,0.0344339806540719
1,"isolation_item_visit","IL_12p70","isolation_item_visit4",-0.398421577666666,0.611997207214633,-1.65639985346357,0.859556698130233,-0.651018620624092,0.520747163533442
1,"isolation_item_visit","IL_12p70","isolation_item_visit3",-0.691402953866666,0.489597765771706,-1.69778557450419,0.314979666770854,-1.4121856801713,0.169753113249599
1,"isolation_item_visit","IL_12p70","isolation_item_visit2",-0.290508551111111,0.446939567362157,-1.20920598911833,0.628188886896111,-0.649995149961093,0.521397572853311
1,"isolation_item_visit","IL_12p70","isolation_item_visit1",-0.362664120888889,0.446939567362157,-1.28136155889611,0.556033317118334,-0.811438832836701,0.424480267249636
1,"isolation_item_visit","IL_12p70","isolation_item_visit0",-0.879399512166666,0.512033599626975,-1.93189964977419,0.173100625440858,-1.7174644648463,0.0977847392943709
0,"isolation_item_visit","IFN_alpha2","isolation_item_visit5",0.344898728833333,0.706414768264496,-1.06511105002944,1.75490850769611,0.488238276332575,0.626975197125327
0,"isolation_item_visit","IFN_alpha2","isolation_item_visit4",1.33924119428572,0.693685531630018,-0.0453609219142788,2.72384331048571,1.93061716472416,0.0577638567491009
0,"isolation_item_visit","IFN_alpha2","isolation_item_visit3",0.81078239875,0.683983158250842,-0.554453699131287,2.17601849663129,1.18538357117363,0.240053116527881
0,"isolation_item_visit","IFN_alpha2","isolation_item_visit2",0.401689476750001,0.641633076982711,-0.879015505126446,1.68239445862645,0.626042345944744,0.533414187349231
0,"isolation_item_visit","IFN_alpha2","isolation_item_visit1",0.208637202444445,0.634026658216341,-1.05688530403011,1.474159708919,0.329066924459277,0.74313153611322
0,"isolation_item_visit","IFN_alpha2","isolation_item_visit0",0.431037062000001,0.749266009455225,-1.06450415225982,1.92657827625983,0.575279081875606,0.567029601129829
1,"isolation_item_visit","IFN_alpha2","isolation_item_visit5",1.16002008733333,1.0277844466307,-0.95262109929534,3.27266127396201,1.12866086963675,0.269347916957363
1,"isolation_item_visit","IFN_alpha2","isolation_item_visit4",0.152460680333333,0.812534948762194,-1.51772882677353,1.8226501874402,0.187635843314297,0.852618797217985
1,"isolation_item_visit","IFN_alpha2","isolation_item_visit3",-0.418234348866666,0.650027959009755,-1.75438595455216,0.917917256818828,-0.643409784255741,0.525593094614197
1,"isolation_item_visit","IFN_alpha2","isolation_item_visit2",-0.341127884777778,0.593391626931144,-1.56086184257893,0.878606073023377,-0.574878156845583,0.570315308888666
1,"isolation_item_visit","IFN_alpha2","isolation_item_visit1",0.476307391111111,0.593391626931144,-0.743426566690044,1.69604134891227,0.802686403875363,0.42943276374451
1,"isolation_item_visit","IFN_alpha2","isolation_item_visit0",-0.653251075666667,0.679815511791241,-2.05063187299963,0.7441297216663,-0.960924051211218,0.345442329599539
0,"isolation_item_visit","CX3CL1","isolation_item_visit5",0.392295621999998,0.985290888730106,-1.5743532230503,2.3589444670503,0.39815208532539,0.69178398390227
0,"isolation_item_visit","CX3CL1","isolation_item_visit4",0.9638729775,0.967536445533436,-0.967337850608679,2.89508380560868,0.996213612365355,0.322730745563355
0,"isolation_item_visit","CX3CL1","isolation_item_visit3",0.0394713294999982,0.954003800805402,-1.86472822667947,1.94367088567947,0.0413743943857196,0.967120475458962
0,"isolation_item_visit","CX3CL1","isolation_item_visit2",0.652949367549999,0.894934892445823,-1.13334815408059,2.43924688918059,0.7296054417607,0.468174549199682
0,"isolation_item_visit","CX3CL1","isolation_item_visit1",-0.0166919820555568,0.884325636463275,-1.78181334011499,1.74842937600388,-0.0188753795743317,0.98499661889517
0,"isolation_item_visit","CX3CL1","isolation_item_visit0",-0.0128332510000006,1.04505880329357,-2.09877935282164,2.07311285082164,-0.012279931961298,0.990238770976491
1,"isolation_item_visit","CX3CL1","isolation_item_visit5",0.0270103513333335,1.14068523063345,-2.31770172045886,2.37172242312553,0.0236790576470724,0.981289411310796
1,"isolation_item_visit","CX3CL1","isolation_item_visit4",-0.604533936166666,0.901790855529044,-2.45819158720556,1.24912371487223,-0.670370443945132,0.508532924620392
1,"isolation_item_visit","CX3CL1","isolation_item_visit3",-0.780936814666667,0.721432684423236,-2.26386293549778,0.701989306164448,-1.08248050237841,0.288976647183653
1,"isolation_item_visit","CX3CL1","isolation_item_visit2",-0.783030615555555,0.658574924966853,-2.13675076137694,0.570689530265832,-1.18897726875187,0.245194708645052
1,"isolation_item_visit","CX3CL1","isolation_item_visit1",0.137214544333334,0.658574924966853,-1.21650560148805,1.49093469015472,0.208350696528933,0.836578731826258
1,"isolation_item_visit","CX3CL1","isolation_item_visit0",-0.103020300916666,0.754492361115117,-1.65390156041996,1.44786095858663,-0.136542536712241,0.892444192689053
0,"isolation_item_visit","IFN_lambda1","isolation_item_visit5",-0.450555383499999,0.904880986171395,-2.25670539129675,1.35559462429675,-0.497916732018346,0.62017315366031
0,"isolation_item_visit","IFN_lambda1","isolation_item_visit4",0.755934210642858,0.88857548872644,-1.01766988803723,2.52953830932294,0.850725931824102,0.397951777092108
0,"isolation_item_visit","IFN_lambda1","isolation_item_visit3",-0.696477305625001,0.87614724743539,-2.44527453086231,1.05231991961231,-0.794931796754131,0.429460209844413
0,"isolation_item_visit","IFN_lambda1","isolation_item_visit2",-0.2589329723,0.821898971459375,-1.89945018549771,1.38158424089771,-0.315042336456797,0.75370861396448
0,"isolation_item_visit","IFN_lambda1","isolation_item_visit1",-0.268338555611111,0.812155540229228,-1.88940779867658,1.35273068745436,-0.330402912150761,0.742126504479885
0,"isolation_item_visit","IFN_lambda1","isolation_item_visit0",-0.226357286250001,0.959771222232849,-2.14206866377984,1.68935409127983,-0.235845044117279,0.814272367841775
1,"isolation_item_visit","IFN_lambda1","isolation_item_visit5",-0.0132295603333327,0.96201656931212,-1.99068293901662,1.96422381834995,-0.013751904858346,0.989132895960217
1,"isolation_item_visit","IFN_lambda1","isolation_item_visit4",-0.221478707333333,0.760540876461885,-1.78479286819199,1.34183545352532,-0.291212102055151,0.773199713028768
1,"isolation_item_visit","IFN_lambda1","isolation_item_visit3",-0.456874856733333,0.608432701169508,-1.70752618542026,0.793776471953593,-0.750904505716316,0.45945289432998
1,"isolation_item_visit","IFN_lambda1","isolation_item_visit2",-0.601453738777777,0.555420525257232,-1.74313697927051,0.540229501714951,-1.08287992867967,0.288802603618985
1,"isolation_item_visit","IFN_lambda1","isolation_item_visit1",-0.246582807222222,0.555420525257233,-1.38826604771495,0.895100433270507,-0.443956958753048,0.660746732027102
1,"isolation_item_visit","IFN_lambda1","isolation_item_visit0",-0.778628857083333,0.63631414988085,-2.08659132438843,0.529333610221768,-1.2236547894293,0.232056595395658
0,"isolation_item_visit","IFN_lambda2_3","isolation_item_visit5",0.245665438999998,0.886226558246012,-1.52325017481813,2.01458105281812,0.277203878301966,0.782477048359401
0,"isolation_item_visit","IFN_lambda2_3","isolation_item_visit4",1.145481455,0.870257204151975,-0.59155919463804,2.88252210463804,1.31625621659314,0.192573459447215
0,"isolation_item_visit","IFN_lambda2_3","isolation_item_visit3",0.146929676749998,0.858085175263381,-1.56581550154097,1.85967485504097,0.171229711205416,0.864559236084579
0,"isolation_item_visit","IFN_lambda2_3","isolation_item_visit2",0.195381751599998,0.804955245865243,-1.41131564376351,1.80207914696351,0.242723744709538,0.808960933413944
0,"isolation_item_visit","IFN_lambda2_3","isolation_item_visit1",0.135800798962961,0.795412678769061,-1.45184955275772,1.72345115068365,0.17072999034051,0.864950622411503
0,"isolation_item_visit","IFN_lambda2_3","isolation_item_visit0",0.137860319999998,0.939985213505057,-1.73835801881635,2.01407865881634,0.146662221936384,0.883839048636995
1,"isolation_item_visit","IFN_lambda2_3","isolation_item_visit5",0.850833107666667,1.01255517733603,-1.2305038675978,2.93217008293114,0.84028320304001,0.408410700435658
1,"isolation_item_visit","IFN_lambda2_3","isolation_item_visit4",-0.700842126833333,0.800495154244393,-2.34628348187365,0.944599228206983,-0.875510767451023,0.389312854703623
1,"isolation_item_visit","IFN_lambda2_3","isolation_item_visit3",-0.627295113333333,0.640396123395514,-1.94364819736559,0.68905797069892,-0.97954233390309,0.336339356251428
1,"isolation_item_visit","IFN_lambda2_3","isolation_item_visit2",0.0439365388888887,0.584599004204308,-1.15772392405437,1.24559700183215,0.0751567118193955,0.940665325270495
1,"isolation_item_visit","IFN_lambda2_3","isolation_item_visit1",-0.391638448222222,0.584599004204308,-1.59329891116549,0.810022014721042,-0.669926642716878,0.508811246245253
1,"isolation_item_visit","IFN_lambda2_3","isolation_item_visit0",-0.738217621583333,0.669742296990513,-2.11489262935163,0.638457386184963,-1.10224130221507,0.280455731907192
0,"isolation_item_visit","sTREM_1","isolation_item_visit5",0.618755689999997,1.08532014328536,-1.54755238278951,2.78506376278951,0.570113522565764,0.570507603138052
0,"isolation_item_visit","sTREM_1","isolation_item_visit4",1.08239646435714,1.06576322354261,-1.04487583324683,3.20966876196111,1.01560688194817,0.313470189878138
0,"isolation_item_visit","sTREM_1","isolation_item_visit3",0.301532315749999,1.05085671006191,-1.79598645641712,2.39905108791712,0.286939515980474,0.775044157360939
0,"isolation_item_visit","sTREM_1","isolation_item_visit2",0.786378903149998,0.98579097483812,-1.18126811794963,2.75402592424963,0.797713636279873,0.427854917642781
0,"isolation_item_visit","sTREM_1","isolation_item_visit1",0.109209953574072,0.974104640015751,-1.83511104559217,2.05353095274032,0.112113164323194,0.911068895280502
0,"isolation_item_visit","sTREM_1","isolation_item_visit0",0.0402679344999981,1.15115584961315,-2.25744875811295,2.33798462711294,0.0349804368483469,0.972199349032507
1,"isolation_item_visit","sTREM_1","isolation_item_visit5",0.323930477333333,0.801443351528616,-1.32345992513834,1.97132087980501,0.404183872404071,0.689383081372711
1,"isolation_item_visit","sTREM_1","isolation_item_visit4",-0.219394886666666,0.633596601607354,-1.52177135349466,1.08298158016133,-0.34626903949625,0.731927111926798
1,"isolation_item_visit","sTREM_1","isolation_item_visit3",-0.302654484466667,0.506877281285883,-1.34455565792906,0.73924668899573,-0.597096172270477,0.555607786059892
1,"isolation_item_visit","sTREM_1","isolation_item_visit2",-0.372448548888889,0.462713534745282,-1.32356984121632,0.57867274343854,-0.804922529646593,0.428164098915423
1,"isolation_item_visit","sTREM_1","isolation_item_visit1",0.289979505777778,0.462713534745282,-0.661141786549651,1.24110079810521,0.626693372903838,0.536324628877014
1,"isolation_item_visit","sTREM_1","isolation_item_visit0",0.0778227198333336,0.530104949512709,-1.01182360946033,1.167469049127,0.146806250167766,0.884417375400252
0,"isolation_item_visit","sRAGE","isolation_item_visit5",0.7510954205,1.09959113787908,-1.44369767671883,2.94588851771883,0.683067910085864,0.496919200442464
0,"isolation_item_visit","sRAGE","isolation_item_visit4",0.897147712857145,1.07977706203576,-1.25809632345111,3.0523917491654,0.830863836990304,0.409001682488508
0,"isolation_item_visit","sRAGE","isolation_item_visit3",0.436350953500003,1.06467454116074,-1.68874832497488,2.56145023197488,0.409844451642735,0.683227543753807
0,"isolation_item_visit","sRAGE","isolation_item_visit2",0.759590378400002,0.998753249388621,-1.2339294509896,2.7531102077896,0.760538580340018,0.449600968616004
0,"isolation_item_visit","sRAGE","isolation_item_visit1",0.273954147481483,0.986913249657236,-1.69593294353261,2.24384123849558,0.27758685738248,0.78218426531405
0,"isolation_item_visit","sRAGE","isolation_item_visit0",0.371538646500003,1.1662925251904,-1.95639097701729,2.6994682700173,0.318563858101851,0.751048212131737
1,"isolation_item_visit","sRAGE","isolation_item_visit5",-0.721969703666665,0.957294055579315,-2.68971581634777,1.24577640901444,-0.754177569012229,0.457519207000245
1,"isolation_item_visit","sRAGE","isolation_item_visit4",-1.57456187816667,0.756807401542614,-3.13020177142033,-0.0189219849130053,-2.08053181688922,0.0474710347470597
1,"isolation_item_visit","sRAGE","isolation_item_visit3",-1.50270732806667,0.605445921234091,-2.74721924266959,-0.258195413463737,-2.48198439425221,0.0198492528295838
1,"isolation_item_visit","sRAGE","isolation_item_visit2",-1.46705878122222,0.552693980682346,-2.6031375290755,-0.330980033368944,-2.65437806905553,0.0133785294607102
1,"isolation_item_visit","sRAGE","isolation_item_visit1",-1.308845252,0.552693980682346,-2.44492399985328,-0.172766504146721,-2.36811924454853,0.025597047940725
1,"isolation_item_visit","sRAGE","isolation_item_visit0",-1.07650621766667,0.633190500655828,-2.37804793203374,0.225035496700408,-1.70013008178688,0.10104047443455
0,"isolation_item_visit","GM_CSF","isolation_item_visit5",0.862253478666664,0.729455455023964,-0.593745703450492,2.31825266078382,1.18205090211895,0.241363781199221
0,"isolation_item_visit","GM_CSF","isolation_item_visit4",1.72794799042857,0.716311036874095,0.298185176747355,3.15771080410979,2.41228726276389,0.0185975319120454
0,"isolation_item_visit","GM_CSF","isolation_item_visit3",1.533140729375,0.706292207276992,0.123375583267156,2.94290587548284,2.17068900602175,0.0335023359881954
0,"isolation_item_visit","GM_CSF","isolation_item_visit2",0.682720717349999,0.662560820010496,-0.639756214440802,2.0051976491408,1.03042724038404,0.306514965780606
0,"isolation_item_visit","GM_CSF","isolation_item_visit1",0.598762361962962,0.654706307461223,-0.708036897162695,1.90556162108862,0.914551082125362,0.363707034336617
0,"isolation_item_visit","GM_CSF","isolation_item_visit0",0.9067364595,0.773704348231447,-0.637583883115666,2.45105680211567,1.17194179090843,0.245370958234421
1,"isolation_item_visit","GM_CSF","isolation_item_visit5",1.44359144366667,0.628925047235987,0.150817494373236,2.7363653929601,2.29533145485458,0.0300316050793514
1,"isolation_item_visit","GM_CSF","isolation_item_visit4",0.188764834166666,0.497208906698676,-0.8332627107079,1.21079237904123,0.379648939557439,0.707289400587031
1,"isolation_item_visit","GM_CSF","isolation_item_visit3",-0.137715414533333,0.397767125358941,-0.955337450432987,0.67990662136632,-0.346221207720624,0.731962634932928
1,"isolation_item_visit","GM_CSF","isolation_item_visit2",-0.237892844666666,0.363110045321795,-0.984276232292564,0.508490542959231,-0.655153575979538,0.518123935583004
1,"isolation_item_visit","GM_CSF","isolation_item_visit1",0.162125675888888,0.363110045321795,-0.58425771173701,0.908509063514786,0.446491849998833,0.658938748563992
1,"isolation_item_visit","GM_CSF","isolation_item_visit0",-0.613719039583333,0.415994817071493,-1.46880863239664,0.241370553229978,-1.47530453360879,0.152138836654629
0,"isolation_item_communicate","IL_10","isolation_item_communicate5",0.251863083710956,0.365931904335552,-0.478342662409596,0.982068829831508,0.688278558734256,0.493618791267936
0,"isolation_item_communicate","IL_10","isolation_item_communicate4",-0.0750051862121213,0.420239069874303,-0.913579193919269,0.763568821495026,-0.178482182141122,0.858874997174094
0,"isolation_item_communicate","IL_10","isolation_item_communicate3",-0.540402448212122,0.440392557528881,-1.41919211439393,0.338387217969691,-1.22709259948536,0.2240192899636
0,"isolation_item_communicate","IL_10","isolation_item_communicate2",0.261368063987878,0.536290164619936,-0.8087822977426,1.33151842571836,0.487363150083328,0.627568510879903
0,"isolation_item_communicate","IL_10","isolation_item_communicate1",0.319663299287878,0.495963498012562,-0.670016452119456,1.30934305069521,0.644529890947301,0.521400281048227
1,"isolation_item_communicate","IL_10","isolation_item_communicate5",0.0121172448833335,0.429797135336944,-0.87134341944613,0.895577909212797,0.0281929400805197,0.977723558967095
1,"isolation_item_communicate","IL_10","isolation_item_communicate4",-0.0681061814666665,0.394408900875161,-0.878825288078339,0.742612925145006,-0.172679118842258,0.864240860410429
1,"isolation_item_communicate","IL_10","isolation_item_communicate3",-0.138139255866666,0.394408900875161,-0.948858362478339,0.672579850745006,-0.350243758597097,0.728977357489126
1,"isolation_item_communicate","IL_10","isolation_item_communicate2",-0.508859790366666,0.574944831975468,-1.69067581808782,0.672956237354489,-0.885058464858725,0.384237370722804
1,"isolation_item_communicate","IL_10","isolation_item_communicate0",-0.663164210866666,0.788817801750322,-2.28460242409001,0.958274002356678,-0.840706446273346,0.408177794124328
0,"isolation_item_communicate","IFN_gamma","isolation_item_communicate5",0.202401816487179,0.37915935669811,-0.554198899864825,0.959002532839184,0.533817280021217,0.595208732972361
0,"isolation_item_communicate","IFN_gamma","isolation_item_communicate4",0.0908598741111108,0.435429579944043,-0.778026324492774,0.959746072714995,0.208667206584328,0.835331836337193
0,"isolation_item_communicate","IFN_gamma","isolation_item_communicate3",0.238285336833333,0.456311561875102,-0.67227020794066,1.14884088160732,0.522198771063694,0.603228991718092
0,"isolation_item_communicate","IFN_gamma","isolation_item_communicate2",0.130816128133333,0.555675609072775,-0.978017285724745,1.23964954199141,0.235418157639884,0.814591742589599
0,"isolation_item_communicate","IFN_gamma","isolation_item_communicate1",0.221831607666666,0.513891242125065,-0.803622400127792,1.24728561546112,0.431670340886408,0.667346626752374
1,"isolation_item_communicate","IFN_gamma","isolation_item_communicate5",0.447829503116667,0.547014957733615,-0.676575845882766,1.5722348521161,0.81867871579254,0.420410453274262
1,"isolation_item_communicate","IFN_gamma","isolation_item_communicate4",-0.137047331733334,0.501975351866527,-1.16887244496809,0.894777781501427,-0.273016057907508,0.786997734702733
1,"isolation_item_communicate","IFN_gamma","isolation_item_communicate3",0.291213227466667,0.501975351866527,-0.740611885768094,1.32303834070143,0.580134515337915,0.566818103738573
1,"isolation_item_communicate","IFN_gamma","isolation_item_communicate2",-0.390909729133333,0.73174853228294,-1.89504037892463,1.11322092065797,-0.534213205612802,0.597732714434105
1,"isolation_item_communicate","IFN_gamma","isolation_item_communicate0",-0.387137034133334,1.00395070373305,-2.45078726060285,1.67651319233619,-0.38561358908741,0.702919942372582
0,"isolation_item_communicate","IL_12p70","isolation_item_communicate5",-0.197362814545455,0.362431231015243,-0.920583075816244,0.525857446725334,-0.544552449281487,0.587842763183231
0,"isolation_item_communicate","IL_12p70","isolation_item_communicate4",-0.297739912989899,0.416218869168569,-1.12829173509064,0.532811909110843,-0.715344582009601,0.476845199075757
0,"isolation_item_communicate","IL_12p70","isolation_item_communicate3",-0.116604356170455,0.436179559267897,-0.986987115214307,0.753778402873396,-0.267331088064211,0.7900233919276
0,"isolation_item_communicate","IL_12p70","isolation_item_communicate2",0.442958891054545,0.531159765633167,-0.616953918891998,1.50287170100109,0.833946619670104,0.40723105428217
0,"isolation_item_communicate","IL_12p70","isolation_item_communicate1",0.015057070454545,0.49121888251233,-0.965154948130495,0.995269089039585,0.0306524667324185,0.975636489020918
1,"isolation_item_communicate","IL_12p70","isolation_item_communicate5",0.222265360816666,0.456232722227833,-0.715534430594821,1.16006515222815,0.48717540410368,0.630216287589729
1,"isolation_item_communicate","IL_12p70","isolation_item_communicate4",0.0123058698666667,0.41866785914265,-0.848278239614638,0.872889979347972,0.0293929175549006,0.976775683453592
1,"isolation_item_communicate","IL_12p70","isolation_item_communicate3",-0.260608547133333,0.41866785914265,-1.12119265661464,0.599975562347972,-0.622470871461231,0.539053734747713
1,"isolation_item_communicate","IL_12p70","isolation_item_communicate2",-0.295203895933334,0.610308036644665,-1.54971003189678,0.959302240030109,-0.483696556834312,0.632650179660766
1,"isolation_item_communicate","IL_12p70","isolation_item_communicate0",-0.284698153933334,0.8373357182853,-2.00586637289594,1.43647006502928,-0.340004788660323,0.736584502907803
0,"isolation_item_communicate","IFN_alpha2","isolation_item_communicate5",-0.23268249093007,0.300835458706749,-0.832990302251833,0.367625320391693,-0.773454339226968,0.441934089618315
0,"isolation_item_communicate","IFN_alpha2","isolation_item_communicate4",-0.0227665534343437,0.345481800997069,-0.712164753698422,0.666631646829734,-0.0658979818000222,0.9476524071693
0,"isolation_item_communicate","IFN_alpha2","isolation_item_communicate3",-0.405516502170455,0.36205013961765,-1.12797630739731,0.316943303056403,-1.12005619608021,0.266630283531481
0,"isolation_item_communicate","IFN_alpha2","isolation_item_communicate2",0.00574103365454544,0.44088830670915,-0.874037884614275,0.885519951923366,0.0130215148988579,0.989648756931616
0,"isolation_item_communicate","IFN_alpha2","isolation_item_communicate1",-0.143787966712121,0.407735441098889,-0.957411371667797,0.669835438243554,-0.352650155514071,0.72544147082829
1,"isolation_item_communicate","IFN_alpha2","isolation_item_communicate5",0.22690904665,0.560257794036743,-0.924717342221641,1.37853543552164,0.405008282017971,0.688784517918794
1,"isolation_item_communicate","IFN_alpha2","isolation_item_communicate4",0.1697763652,0.514127811902566,-0.887028487390771,1.22658121779077,0.330222098998555,0.74387828272571
1,"isolation_item_communicate","IFN_alpha2","isolation_item_communicate3",0.6105938778,0.514127811902566,-0.44621097479077,1.66739873039077,1.18763051456107,0.245715879140594
1,"isolation_item_communicate","IFN_alpha2","isolation_item_communicate2",-0.152928346600001,0.749463634751484,-1.69347291102397,1.38761621782396,-0.204050389517178,0.839902909474866
1,"isolation_item_communicate","IFN_alpha2","isolation_item_communicate0",-0.1730560176,1.02825562380513,-2.28666572278154,1.94055368758154,-0.168300579732882,0.867649202623123
0,"isolation_item_communicate","CX3CL1","isolation_item_communicate5",0.345498425365967,0.399780757346306,-0.45225165530208,1.14324850603401,0.864219747992229,0.390505525915713
0,"isolation_item_communicate","CX3CL1","isolation_item_communicate4",0.598599222767676,0.459111358234565,-0.317543228655955,1.51474167419131,1.30382141942532,0.196691143540467
0,"isolation_item_communicate","CX3CL1","isolation_item_communicate3",-0.26553074216288,0.481129051860777,-1.22560881715936,0.694547332833599,-0.55189089317291,0.582832391271678
0,"isolation_item_communicate","CX3CL1","isolation_item_communicate2",-0.251127804987879,0.58589722740473,-1.4202675192849,0.918011909309147,-0.428620913774017,0.669553860657032
0,"isolation_item_communicate","CX3CL1","isolation_item_communicate1",-0.240578775621213,0.541840327400831,-1.32180431474535,0.84064676350292,-0.44400308255986,0.65845009415245
1,"isolation_item_communicate","CX3CL1","isolation_item_communicate5",1.1532760597,0.544931499227763,0.0331533209935366,2.27339879840646,2.11636886715915,0.0440446469796749
1,"isolation_item_communicate","CX3CL1","isolation_item_communicate4",0.3521138676,0.500063439218091,-0.675781252901787,1.38000898810179,0.704138395221558,0.487605866388296
1,"isolation_item_communicate","CX3CL1","isolation_item_communicate3",0.58560439,0.500063439218091,-0.442290730501787,1.61349951050179,1.17106019771344,0.252195699339579
1,"isolation_item_communicate","CX3CL1","isolation_item_communicate2",-0.2725334138,0.728961464612896,-1.77093516394803,1.22586833634803,-0.373865323518473,0.71153601168976
1,"isolation_item_communicate","CX3CL1","isolation_item_communicate0",1.3160043812,1.00012687843618,-0.739785859803574,3.37179462220357,1.31583742980464,0.199713370477593
0,"isolation_item_communicate","IFN_lambda1","isolation_item_communicate5",0.278172798650349,0.377177174110375,-0.47447253393141,1.03081813123211,0.737512282673145,0.463348252461196
0,"isolation_item_communicate","IFN_lambda1","isolation_item_communicate4",0.275856283393939,0.433153225908985,-0.588487521456052,1.14020008824393,0.636856121329921,0.526356796090655
0,"isolation_item_communicate","IFN_lambda1","isolation_item_communicate3",0.0681334587272725,0.453926040282261,-0.837661851822952,0.973928769277497,0.150098149656507,0.881131508131493
0,"isolation_item_communicate","IFN_lambda1","isolation_item_communicate2",0.118534456727273,0.552770628627812,-0.98450215890647,1.22157107236102,0.214436966416831,0.830848073221382
0,"isolation_item_communicate","IFN_lambda1","isolation_item_communicate1",0.186920764393939,0.511204703459633,-0.833172338960565,1.20701386774844,0.36564758330456,0.715763064924008
1,"isolation_item_communicate","IFN_lambda1","isolation_item_communicate5",0.134855761816667,0.47471795311572,-0.840940965864982,1.11065248949832,0.284075546188146,0.77860258962959
1,"isolation_item_communicate","IFN_lambda1","isolation_item_communicate4",-0.203542118133334,0.435631070382295,-1.09899460769165,0.691910371424979,-0.467235080258881,0.644223886244159
1,"isolation_item_communicate","IFN_lambda1","isolation_item_communicate3",-0.229766764933334,0.435631070382295,-1.12521925449165,0.66568572462498,-0.527434291433111,0.60236426944528
1,"isolation_item_communicate","IFN_lambda1","isolation_item_communicate2",-0.717269710433334,0.635035953824783,-2.02260480811683,0.588065387250163,-1.12949464689875,0.269002637606245
1,"isolation_item_communicate","IFN_lambda1","isolation_item_communicate0",0.255019676066666,0.871262140764591,-1.53588530304996,2.04592465518329,0.292701431790517,0.772073640966153
0,"isolation_item_communicate","IFN_lambda2_3","isolation_item_communicate5",0.564362543048951,0.3546362095858,-0.143302995139556,1.27202808123746,1.59138443225553,0.116161633626894
0,"isolation_item_communicate","IFN_lambda2_3","isolation_item_communicate4",0.513887614818181,0.407267005402803,-0.298801041259582,1.32657627089594,1.26179535292805,0.211333453484075
0,"isolation_item_communicate","IFN_lambda2_3","isolation_item_communicate3",-0.0152821431818191,0.426798389212398,-0.866945068839461,0.836380782475823,-0.0358064687404758,0.971541580098096
0,"isolation_item_communicate","IFN_lambda2_3","isolation_item_communicate2",0.655907188018181,0.519735800474397,-0.381209454380299,1.69302383041666,1.26200116947782,0.211259832537572
0,"isolation_item_communicate","IFN_lambda2_3","isolation_item_communicate1",0.0574383043181819,0.480653949393833,-0.901691718466264,1.01656832710263,0.119500327398993,0.905231331982899
1,"isolation_item_communicate","IFN_lambda2_3","isolation_item_communicate5",-0.12258908845,0.515809836065348,-1.18285139122388,0.937673214323877,-0.237663340011354,0.814005117181773
1,"isolation_item_communicate","IFN_lambda2_3","isolation_item_communicate4",-0.5958704462,0.473339568314344,-1.56883386334464,0.377092970944644,-1.25886464197788,0.219265267029262
1,"isolation_item_communicate","IFN_lambda2_3","isolation_item_communicate3",-0.0725345747999999,0.473339568314344,-1.04549799194464,0.900428842344644,-0.153240040882933,0.879392118675332
1,"isolation_item_communicate","IFN_lambda2_3","isolation_item_communicate2",-0.8513892642,0.690005063191946,-2.26971498440368,0.566936456003679,-1.23388843012469,0.228282270180073
1,"isolation_item_communicate","IFN_lambda2_3","isolation_item_communicate0",-0.5405205512,0.946679136628689,-2.48644738548929,1.40540628308929,-0.570964892207196,0.572925966640883
0,"isolation_item_communicate","sTREM_1","isolation_item_communicate5",0.447721960132867,0.435340876443255,-0.420987233391087,1.31643115365682,1.02843997510816,0.307387291095366
0,"isolation_item_communicate","sTREM_1","isolation_item_communicate4",0.790678474696969,0.499948877994029,-0.206953978643326,1.78831092803726,1.5815186502057,0.118400017032063
0,"isolation_item_communicate","sTREM_1","isolation_item_communicate3",-0.194254233886363,0.523925024580272,-1.23973034283491,0.851221875062187,-0.370767237243505,0.711963443447207
0,"isolation_item_communicate","sTREM_1","isolation_item_communicate2",-0.156578889036364,0.638012229946078,-1.42971247176604,1.11655469369331,-0.245416751728407,0.806872934120905
0,"isolation_item_communicate","sTREM_1","isolation_item_communicate1",-0.225194813636364,0.590036510483282,-1.40259433871503,0.952204711442305,-0.381662506701345,0.703901764532592
1,"isolation_item_communicate","sTREM_1","isolation_item_communicate5",0.752032763833333,0.377146877832441,-0.0232037462434963,1.52726927391016,1.9940050098133,0.0567382692644017
1,"isolation_item_communicate","sTREM_1","isolation_item_communicate4",0.444227533933333,0.346093711019682,-0.267178277596783,1.15563334546345,1.28354696947403,0.210622831446639
1,"isolation_item_communicate","sTREM_1","isolation_item_communicate3",0.411795035333333,0.346093711019682,-0.299610776196783,1.12320084686345,1.18983680495112,0.244862512438941
1,"isolation_item_communicate","sTREM_1","isolation_item_communicate2",-0.275995409666667,0.504513945016064,-1.31303867585304,0.761047856519705,-0.547052093194131,0.58900805415303
1,"isolation_item_communicate","sTREM_1","isolation_item_communicate0",0.790362419333333,0.692187422039364,-0.632449203726899,2.21317404239356,1.14183296917578,0.263930718914694
0,"isolation_item_communicate","sRAGE","isolation_item_communicate5",0.568950168102564,0.429317897735822,-0.287740358536044,1.42564069474117,1.32524213666178,0.189526512623664
0,"isolation_item_communicate","sRAGE","isolation_item_communicate4",0.925631066777777,0.49303204199286,-0.0581990552183901,1.90946118877394,1.87742578157056,0.0647495379311973
0,"isolation_item_communicate","sRAGE","isolation_item_communicate3",-0.140672177416668,0.516676476515777,-1.17168403390454,0.890339679071206,-0.272263561068805,0.78624438569151
0,"isolation_item_communicate","sRAGE","isolation_item_communicate2",-0.0272333776666669,0.62918527552029,-1.28275304708053,1.2282862917472,-0.0432835584782986,0.965602345914569
0,"isolation_item_communicate","sRAGE","isolation_item_communicate1",-0.0589426071666677,0.581873304288901,-1.22005270790359,1.10216749357026,-0.101298008917423,0.919611994241243
1,"isolation_item_communicate","sRAGE","isolation_item_communicate5",0.41985505505,0.52216919758043,-0.6534791025291,1.4931892126291,0.804059406405966,0.42865351763487
1,"isolation_item_communicate","sRAGE","isolation_item_communicate4",-0.2061446486,0.479175318670067,-1.1911036223974,0.778814325197402,-0.430207150844386,0.670589948244337
1,"isolation_item_communicate","sRAGE","isolation_item_communicate3",-0.0422340072,0.479175318670067,-1.0271929809974,0.942724966597402,-0.0881389452971386,0.930441618463538
1,"isolation_item_communicate","sRAGE","isolation_item_communicate2",-0.4448538107,0.698512058090582,-1.88066590935221,0.990958287952211,-0.636859171645555,0.529784542057405
1,"isolation_item_communicate","sRAGE","isolation_item_communicate0",0.1438494788,0.958350637340134,-1.8260684687948,2.1137674263948,0.150101093686596,0.881843235056621
0,"isolation_item_communicate","GM_CSF","isolation_item_communicate5",0.0671097753426573,0.318009789557068,-0.567468879609015,0.70168843029433,0.211030532852871,0.833494591082433
0,"isolation_item_communicate","GM_CSF","isolation_item_communicate4",-0.44269832260606,0.365204937287567,-1.17145342856819,0.286056783356064,-1.21219150511504,0.229634095351128
0,"isolation_item_communicate","GM_CSF","isolation_item_communicate3",0.051719282727272,0.382719142231,-0.711984875058167,0.815423440512711,0.135136388594996,0.892903261459025
0,"isolation_item_communicate","GM_CSF","isolation_item_communicate2",0.0683404181272725,0.466058084500674,-0.861664009735527,0.998344845990072,0.146634980488518,0.8838540053636
0,"isolation_item_communicate","GM_CSF","isolation_item_communicate1",0.237552729227272,0.431012562070387,-0.622519447440163,1.09762490589471,0.551150361108218,0.583337069612816
1,"isolation_item_communicate","GM_CSF","isolation_item_communicate5",0.140921648916666,0.366653275386555,-0.612744952415229,0.894588250248562,0.384345806724612,0.703847805003419
1,"isolation_item_communicate","GM_CSF","isolation_item_communicate4",0.247584764466667,0.336464120995407,-0.444027141286489,0.939196670219822,0.735842988946946,0.468413269960398
1,"isolation_item_communicate","GM_CSF","isolation_item_communicate3",0.285659333466667,0.336464120995407,-0.405952572286489,0.977271239219822,0.849003848082115,0.403628751456933
1,"isolation_item_communicate","GM_CSF","isolation_item_communicate2",-0.0798255818333329,0.490476525966406,-1.08801451992057,0.9283633562539,-0.162751074938906,0.871972784630152
1,"isolation_item_communicate","GM_CSF","isolation_item_communicate0",-0.413834185333333,0.672928241990813,-1.79705799683964,0.969389626172978,-0.614975207622484,0.54391645048029
0,"isolation_item_visit_d","IL_10","isolation_item_visit_dHigh",-0.0622404320060017,0.261935839091606,-0.584399984038124,0.459919120026121,-0.237617090589252,0.812852962494399
1,"isolation_item_visit_d","IL_10","isolation_item_visit_dHigh",-0.094536031773077,0.257906092463102,-0.620538975259129,0.431466911712975,-0.366552146443,0.716443176223102
0,"isolation_item_visit_d","IFN_gamma","isolation_item_visit_dHigh",-0.494879274669168,0.259698569096367,-1.012578910477,0.0228203611386605,-1.90559107195362,0.0606961900473144
1,"isolation_item_visit_d","IFN_gamma","isolation_item_visit_dHigh",0.108196976488462,0.328261661372423,-0.561297095817019,0.777691048793942,0.329605888290771,0.743914628550376
0,"isolation_item_visit_d","IL_12p70","isolation_item_visit_dHigh",-0.463824830449363,0.250861113294254,-0.963907320093694,0.0362576591949683,-1.84893076634523,0.0685732258008306
1,"isolation_item_visit_d","IL_12p70","isolation_item_visit_dHigh",-0.26463654408077,0.268110940458801,-0.811452412272482,0.282179324110943,-0.987041198795968,0.331264227672546
0,"isolation_item_visit_d","IFN_alpha2","isolation_item_visit_dHigh",-0.366483005623406,0.208534812620227,-0.782189556962489,0.0492235457156765,-1.75741882623131,0.083097170495933
1,"isolation_item_visit_d","IFN_alpha2","isolation_item_visit_dHigh",0.313570002761539,0.331020767961337,-0.361551304532073,0.98869131005515,0.947281962677834,0.350821361718154
0,"isolation_item_visit_d","CX3CL1","isolation_item_visit_dHigh",-0.538883443169543,0.280138830822473,-1.0973299960214,0.0195631096823118,-1.92362994300864,0.0583548197578609
1,"isolation_item_visit_d","CX3CL1","isolation_item_visit_dHigh",0.669996987126923,0.33536563489304,-0.0139857346967005,1.35397970895055,1.99781050118808,0.0545763022321199
0,"isolation_item_visit_d","IFN_lambda1","isolation_item_visit_dHigh",-0.0731013683848465,0.265155382991541,-0.601678963882758,0.455476227113065,-0.275692567731799,0.78357392115473
1,"isolation_item_visit_d","IFN_lambda1","isolation_item_visit_dHigh",-0.00260703871923084,0.285471245408344,-0.584829482289077,0.579615404850615,-0.00913240391515328,0.992772016151741
0,"isolation_item_visit_d","IFN_lambda2_3","isolation_item_visit_dHigh",-0.202897067201051,0.255210729094171,-0.711650357471494,0.305856223069392,-0.795017779703858,0.429216156828483
1,"isolation_item_visit_d","IFN_lambda2_3","isolation_item_visit_dHigh",-0.333683300738462,0.310019659632878,-0.965972565206954,0.298605963730031,-1.07632948547071,0.29008540036717
0,"isolation_item_visit_d","sTREM_1","isolation_item_visit_dHigh",-0.584084534531884,0.306511453408905,-1.19510394966711,0.0269348806033465,-1.90558795776117,0.0606966010196306
1,"isolation_item_visit_d","sTREM_1","isolation_item_visit_dHigh",0.473708927634616,0.233505490979967,-0.00252866102642241,0.949946516295654,2.02868431764312,0.0511547273626257
0,"isolation_item_visit_d","sRAGE","isolation_item_visit_dHigh",-0.39878504167667,0.308496933503575,-1.01376243904296,0.216192355689617,-1.29267100696172,0.200257814568394
1,"isolation_item_visit_d","sRAGE","isolation_item_visit_dHigh",-0.00794836179230777,0.313020830253343,-0.646358554096168,0.630461830511553,-0.0253924372568905,0.979904699365566
0,"isolation_item_visit_d","GM_CSF","isolation_item_visit_dHigh",-0.365887346829708,0.221994114304211,-0.808424525708524,0.0766498320491075,-1.64818489884967,0.103672094724355
1,"isolation_item_visit_d","GM_CSF","isolation_item_visit_dHigh",-0.0261711968923077,0.222472984863388,-0.479907840981131,0.427565447196516,-0.117637639951558,0.907113684877835
0,"isolation_item_communicate_d","IL_10","isolation_item_communicate_dHigh",0.0366042424951958,0.260058813675119,-0.481813527755462,0.555022012745853,0.140753708662703,0.888457563647807
1,"isolation_item_communicate_d","IL_10","isolation_item_communicate_dHigh",-0.156684823454902,0.257297732482532,-0.682156895572742,0.368787248662938,-0.60896309478957,0.547133022896532
0,"isolation_item_communicate_d","IFN_gamma","isolation_item_communicate_dHigh",0.179032084455285,0.263348463035083,-0.345943481941554,0.704007650852123,0.679829615832746,0.49879235746221
1,"isolation_item_communicate_d","IFN_gamma","isolation_item_communicate_dHigh",0.081952411690196,0.331236943014926,-0.59452367353861,0.758428496919002,0.247413259355262,0.806273891334331
0,"isolation_item_communicate_d","IL_12p70","isolation_item_communicate_dHigh",-0.0944652140820397,0.254599502771363,-0.602000046946981,0.413069618782901,-0.371034558409455,0.711701294330376
1,"isolation_item_communicate_d","IL_12p70","isolation_item_communicate_dHigh",-0.0722092875803921,0.272828589034457,-0.629399600256994,0.484981025096209,-0.264669065056347,0.793074384990986
0,"isolation_item_communicate_d","IFN_alpha2","isolation_item_communicate_dHigh",-0.178242097862528,0.210334338738037,-0.597535938954722,0.241051743229666,-0.847422721995579,0.399567731067629
1,"isolation_item_communicate_d","IFN_alpha2","isolation_item_communicate_dHigh",0.254739687694118,0.335816139112135,-0.431088363596021,0.940567738984256,0.758568925149411,0.454029207445604
0,"isolation_item_communicate_d","CX3CL1","isolation_item_communicate_dHigh",0.123305241919438,0.28474583228123,-0.444325200492006,0.690935684330883,0.433036160464872,0.66628299355734
1,"isolation_item_communicate_d","CX3CL1","isolation_item_communicate_dHigh",0.592507828258824,0.341917724526418,-0.105781322862674,1.29079697938032,1.73289591547058,0.0933839427009909
0,"isolation_item_communicate_d","IFN_lambda1","isolation_item_communicate_dHigh",0.203858962751663,0.262228940581712,-0.318884876422321,0.726602801925646,0.777408329909868,0.439464816386203
1,"isolation_item_communicate_d","IFN_lambda1","isolation_item_communicate_dHigh",-0.16509653605098,0.286898999080325,-0.751022459613123,0.420829387511162,-0.575451767277714,0.569277359545208
0,"isolation_item_communicate_d","IFN_lambda2_3","isolation_item_communicate_dHigh",0.377161224720621,0.250514155440963,-0.122229617084008,0.87655206652525,1.50554855495782,0.13655779221357
1,"isolation_item_communicate_d","IFN_lambda2_3","isolation_item_communicate_dHigh",-0.357392972847059,0.312039010299612,-0.994661648873455,0.279875703179337,-1.14534709139059,0.261120480986808
0,"isolation_item_communicate_d","sTREM_1","isolation_item_communicate_dHigh",0.225570598924612,0.310679963785557,-0.393758589773726,0.84489978762295,0.726054542353138,0.470159001664939
1,"isolation_item_communicate_d","sTREM_1","isolation_item_communicate_dHigh",0.442742088333333,0.235158870053673,-0.0375163948322058,0.923000571498873,1.88273607639074,0.0694660611797156
0,"isolation_item_communicate_d","sRAGE","isolation_item_communicate_dHigh",0.344191020382114,0.307073713035135,-0.267949238833009,0.956331279597238,1.12087425843166,0.266066083885412
1,"isolation_item_communicate_d","sRAGE","isolation_item_communicate_dHigh",-0.0181371294941176,0.315021907148462,-0.661497693594907,0.625223434606672,-0.0575741847869965,0.954469591976138
0,"isolation_item_communicate_d","GM_CSF","isolation_item_communicate_dHigh",-0.0227093925898005,0.224449589487214,-0.470141471784774,0.424722686605173,-0.101178142680872,0.919690277338605
1,"isolation_item_communicate_d","GM_CSF","isolation_item_communicate_dHigh",0.156260102137255,0.220285100634575,-0.293622091422284,0.606142295696794,0.709353931278678,0.48358186761509
